Postcode,predicted_clv_3y,allocated_marketing_budget,municipality,id,postal_code,total_population,male,female,age_0_15,age_15_25,age_25_45,age_45_65,age_65_plus,dutch_background,western_migration_background,non_western_migration_background,total_households,single_person_households,multi_person_no_children,single_parent_households,two_parent_households,household_size,total_housing_stock,built_before_1945,built_1945_1965,built_1965_1975,built_1975_1985,built_1985_1995,built_1995_2005,built_2005_2015,built_2015_later,multi_family_dwelling,owner_occupied,rental,housing_corporation_rental,not_occupied,woz_property_value,benefits_under_retirement_age,extra_metric_1,extra_metric_2,ppi_level,cbs_new_ppi
3044,792600.0,40321.0,Rotterdam,863.0,3044.0,125.0,0.52,0.48,0.16,0.04,0.32,0.24,0.2,0.84,0.08,0.08,0.52,0.46153846153846156,0.3076923076923077,0.0,0.23076923076923078,2.0,40.0,0.375,0.125,0.25,0.0,0.0,0.0,0.0,0.0,0.5,60.0,40.0,0.0,0.375,357.0,0.04,11.816,0.024,3.0,1.5745478158445037
3059,669864.0,34077.0,Rotterdam,873.0,3059.0,12785.0,0.4974579585451701,0.5021509581540868,0.26007039499413376,0.11106765741102854,0.2624168947985921,0.26359014470082126,0.10246382479468126,0.9976535001955417,0.0007821666014861165,0.001564333202972233,0.35549472037543994,0.2079207920792079,0.22552255225522552,0.0847084708470847,0.47854785478547857,2.8,4510.0,0.004434589800443459,0.005543237250554324,0.0033259423503325942,0.0033259423503325942,0.0011086474501108647,0.26496674057649666,0.6762749445676275,0.038802660753880266,0.3026607538802661,80.0,20.0,0.19290465631929046,0.026607538802660754,406.0,0.044583496284708646,0.09026202581149785,0.00023464998044583498,4.0,1.706281324098632
3055,479675.0,24402.0,Rotterdam,871.0,3055.0,8250.0,0.47878787878787876,0.5218181818181818,0.23030303030303031,0.08666666666666667,0.18787878787878787,0.2678787878787879,0.22666666666666666,0.9975757575757576,0.0012121212121212121,0.0012121212121212121,0.40484848484848485,0.3413173652694611,0.24251497005988024,0.059880239520958084,0.3562874251497006,2.4,3465.0,0.30735930735930733,0.4660894660894661,0.07503607503607504,0.07647907647907648,0.031746031746031744,0.024531024531024532,0.008658008658008658,0.010101010101010102,0.3088023088023088,70.0,30.0,0.10678210678210678,0.050505050505050504,522.0,0.02909090909090909,0.20642424242424243,0.00024242424242424242,4.0,1.7820291503213355
2994,411971.0,20958.0,Barendrecht,834.0,2994.0,6775.0,0.5084870848708487,0.4915129151291513,0.24575645756457565,0.12546125461254612,0.27527675276752767,0.26346863468634685,0.09003690036900369,0.9940959409594096,0.0014760147601476014,0.004428044280442804,0.35129151291512917,0.19957983193277312,0.22899159663865545,0.0861344537815126,0.4810924369747899,2.8,2365.0,0.0,0.0,0.0,0.0,0.0,0.0613107822410148,0.9260042283298098,0.014799154334038054,0.266384778012685,70.0,30.0,0.18604651162790697,0.023255813953488372,335.0,0.04797047970479705,0.22273062730627305,0.0002952029520295203,4.0,1.5405197736684162
3062,313013.0,15923.0,Rotterdam,875.0,3062.0,8315.0,0.4792543595911004,0.5207456404088996,0.13830426939266385,0.27300060132291043,0.23692122669873722,0.20444978953698137,0.14792543595911004,0.995189416716777,0.0024052916416115455,0.0024052916416115455,0.5688514732411305,0.6088794926004228,0.19133192389006343,0.0306553911205074,0.16173361522198731,1.7,3835.0,0.5423728813559322,0.13428943937418514,0.007822685788787484,0.08083441981747067,0.10691003911342895,0.009126466753585397,0.04432855280312908,0.07431551499348109,0.6831812255541069,50.0,50.0,0.1395045632333768,0.08344198174706649,552.0,0.02826217678893566,0.37751052315093203,0.00012026458208057727,3.0,1.6318964305818755
3207,305032.0,15517.0,Nissewaard,954.0,3207.0,15500.0,0.4964516129032258,0.5038709677419355,0.13451612903225807,0.12483870967741935,0.20419354838709677,0.3506451612903226,0.18548387096774194,0.9987096774193548,0.0006451612903225806,0.0006451612903225806,0.4229032258064516,0.2479023646071701,0.34706331045003813,0.07017543859649122,0.3340961098398169,2.4,6535.0,0.001530221882172915,0.0007651109410864575,0.001530221882172915,0.0,0.6013771996939556,0.3932670237184392,0.0,0.0,0.11323641928079571,70.0,30.0,0.2501912777352716,0.014537107880642693,250.0,0.05451612903225807,0.10748387096774194,0.00012903225806451613,1.0,1.1247655399231322
3011,288594.0,14681.0,Rotterdam,836.0,3011.0,16980.0,0.5220848056537103,0.47762073027090696,0.07773851590106007,0.16755005889281507,0.4458186101295642,0.19699646643109542,0.11189634864546526,0.997055359246172,0.001177856301531213,0.0017667844522968198,0.6071849234393404,0.6139670223084384,0.2550921435499515,0.042192046556741025,0.07322987390882638,1.5,9480.0,0.006329113924050633,0.23523206751054854,0.00949367088607595,0.26582278481012656,0.14873417721518986,0.1529535864978903,0.14187763713080168,0.03955696202531646,0.9963080168776371,30.0,70.0,0.19831223628691982,0.09124472573839662,317.0,0.07685512367491167,0.3789163722025913,5.889281507656066e-05,3.0,0.8395054007202692
2992,244050.0,12415.0,Barendrecht,832.0,2992.0,14690.0,0.48842750170183796,0.511572498298162,0.16916269571136827,0.13546630360789652,0.20694349897889722,0.31756296800544587,0.1708645336963921,0.998638529611981,0.0006807351940095302,0.0006807351940095302,0.39925119128658954,0.2549019607843137,0.29923273657289,0.0741687979539642,0.3691389599317988,2.5,5915.0,0.05156382079459002,0.028740490278951817,0.1242603550295858,0.0253592561284869,0.3474218089602705,0.294167371090448,0.07861369399830938,0.04902789518174133,0.21386306001690616,70.0,30.0,0.2231614539306847,0.01944209636517329,303.0,0.050714771953710006,0.12300884955752213,0.00013614703880190606,4.0,1.1636616402949982
2993,230505.0,11726.0,Barendrecht,833.0,2993.0,14295.0,0.49492829660720533,0.5047219307450157,0.16928996152500875,0.13396292409933544,0.18992654774396642,0.3273871983210913,0.17908359566281917,0.9979013641133263,0.0006995452955578874,0.0013990905911157748,0.39419377404686956,0.2360248447204969,0.3114463176574978,0.0878438331854481,0.36202307009760426,2.5,5635.0,0.01685891748003549,0.005323868677905945,0.037267080745341616,0.0026619343389529724,0.005323868677905945,0.8482697426796806,0.07630878438331855,0.007985803016858917,0.32298136645962733,70.0,30.0,0.15971606033717836,0.02040816326530612,333.0,0.049667715984610006,0.11976215459951031,0.00013990905911157747,4.0,1.208180200902894
3271,215532.0,10964.0,Hoeksche Waard,995.0,3271.0,4680.0,0.4946581196581197,0.5053418803418803,0.17414529914529914,0.10256410256410256,0.19337606837606838,0.29273504273504275,0.23824786324786323,0.9978632478632479,0.002136752136752137,0.0,0.4166666666666667,0.24358974358974358,0.37948717948717947,0.05384615384615385,0.32051282051282054,2.4,1960.0,0.10714285714285714,0.10459183673469388,0.25,0.2193877551020408,0.09183673469387756,0.11479591836734694,0.03316326530612245,0.07653061224489796,0.06377551020408163,80.0,20.0,0.14285714285714285,0.02806122448979592,346.0,0.030982905982905984,0.09017094017094017,0.0010683760683760685,4.0,1.7208574560484793
3261,212709.0,10821.0,Hoeksche Waard,989.0,3261.0,10385.0,0.4925373134328358,0.5074626865671642,0.16851227732306212,0.11795859412614347,0.22195474241694751,0.2725084256138662,0.21906596051998073,0.9980741454020221,0.0009629272989889263,0.0009629272989889263,0.42416947520462206,0.3098751418842225,0.31214528944381387,0.0681044267877412,0.3076049943246311,2.3,4465.0,0.04703247480403135,0.12541993281075028,0.1511758118701008,0.135498320268757,0.006718924972004479,0.3191489361702128,0.14109742441209405,0.07390817469204927,0.2642777155655095,70.0,30.0,0.270996640537514,0.025755879059350503,285.0,0.06066441983630236,0.11786230139624458,0.0002888781896966779,1.0,1.1488084042497544
3045,205975.0,10478.0,Rotterdam,864.0,3045.0,3770.0,0.5119363395225465,0.4880636604774536,0.3302387267904509,0.04774535809018567,0.33687002652519893,0.2002652519893899,0.08620689655172414,0.9920424403183024,0.002652519893899204,0.005305039787798408,0.32891246684350134,0.18548387096774194,0.18548387096774194,0.04838709677419355,0.5766129032258065,2.9,1125.0,0.17777777777777778,0.0,0.1111111111111111,0.0,0.022222222222222223,0.008888888888888889,0.25333333333333335,0.4222222222222222,0.11555555555555555,80.0,20.0,0.10666666666666667,0.017777777777777778,474.0,0.03978779840848806,0.24217506631299734,0.0010610079575596816,4.0,1.7697983966674025
3253,199503.0,10149.0,Goeree-Overflakkee,984.0,3253.0,6170.0,0.48703403565640196,0.5121555915721232,0.1693679092382496,0.11426256077795786,0.20097244732576985,0.27957860615883307,0.23581847649918963,1.0,0.0,0.0,0.4019448946515397,0.2782258064516129,0.3467741935483871,0.04435483870967742,0.32661290322580644,2.4,2620.0,0.15267175572519084,0.16221374045801526,0.1431297709923664,0.1431297709923664,0.0916030534351145,0.09923664122137404,0.1183206106870229,0.08969465648854962,0.11450381679389313,70.0,30.0,0.18893129770992367,0.08206106870229007,353.0,0.03322528363047002,0.07779578606158834,0.0008103727714748784,4.0,1.6313712936390765
3232,197576.0,10051.0,Voorne aan Zee,969.0,3232.0,9480.0,0.48628691983122363,0.5142405063291139,0.14926160337552744,0.10864978902953587,0.22626582278481014,0.2921940928270042,0.22415611814345993,0.9978902953586498,0.0010548523206751054,0.0010548523206751054,0.45147679324894513,0.31542056074766356,0.3317757009345794,0.08177570093457943,0.26985981308411217,2.2,4340.0,0.012672811059907835,0.07142857142857142,0.38018433179723504,0.11059907834101383,0.15898617511520738,0.0587557603686636,0.17626728110599077,0.03110599078341014,0.20506912442396313,60.0,40.0,0.315668202764977,0.03225806451612903,241.0,0.054324894514767935,0.11223628691983123,0.00031645569620253165,1.0,1.0260121176752326
3223,184750.0,9398.0,Voorne aan Zee,964.0,3223.0,13155.0,0.4975294564804257,0.5024705435195743,0.14519194222729,0.10870391486126948,0.1949828962371722,0.31965032307107566,0.23109083998479665,0.9992398327632079,0.0007601672367920942,0.0,0.4241733181299886,0.2625448028673835,0.3602150537634409,0.05913978494623656,0.3172043010752688,2.3,5625.0,0.060444444444444446,0.030222222222222223,0.06222222222222222,0.07733333333333334,0.416,0.24888888888888888,0.10044444444444445,0.0044444444444444444,0.20977777777777779,70.0,30.0,0.2088888888888889,0.02311111111111111,283.0,0.04713036868110984,0.1113645001900418,0.00022805017103762827,4.0,1.1737358627362
3176,184574.0,9390.0,Albrandswaard,937.0,3176.0,2570.0,0.5019455252918288,0.4980544747081712,0.1517509727626459,0.14007782101167315,0.19066147859922178,0.3968871595330739,0.11867704280155641,0.9922178988326849,0.0038910505836575876,0.0038910505836575876,0.39883268482490275,0.2097560975609756,0.32682926829268294,0.07317073170731707,0.3853658536585366,2.5,1020.0,0.0784313725490196,0.0,0.0,0.004901960784313725,0.024509803921568627,0.8725490196078431,0.004901960784313725,0.00980392156862745,0.16176470588235295,80.0,20.0,0.14705882352941177,0.014705882352941176,337.0,0.04669260700389105,0.378988326848249,0.0015564202334630351,4.0,1.6802759076365563
3241,178360.0,9073.0,Goeree-Overflakkee,975.0,3241.0,7460.0,0.49396782841823056,0.5060321715817694,0.16219839142091153,0.11126005361930295,0.23793565683646112,0.27949061662198393,0.20911528150134048,1.0,0.0,0.0,0.4175603217158177,0.3113964686998395,0.33226324237560195,0.0593900481540931,0.2953451043338684,2.3,3370.0,0.22997032640949555,0.14836795252225518,0.18100890207715134,0.02225519287833828,0.09347181008902077,0.09940652818991098,0.1261127596439169,0.09940652818991098,0.19732937685459942,60.0,40.0,0.31602373887240354,0.06973293768545995,236.0,0.07640750670241286,0.14812332439678283,0.00040214477211796245,1.0,1.0201849916056522
2991,174600.0,8882.0,Barendrecht,831.0,2991.0,12955.0,0.48591277499035124,0.5140872250096488,0.1690467001157854,0.12273253570050174,0.20223851794673872,0.2794287919722115,0.22693940563489,0.9984561945194905,0.0007719027402547279,0.0007719027402547279,0.41566962562717097,0.2850510677808728,0.3138347260909935,0.07892293407613742,0.31940575673166205,2.4,5500.0,0.07545454545454545,0.1990909090909091,0.15,0.3572727272727273,0.02181818181818182,0.09090909090909091,0.08272727272727273,0.022727272727272728,0.2390909090909091,70.0,30.0,0.29363636363636364,0.03,302.0,0.05519104592821304,0.12049401775376302,0.00015438054805094558,4.0,1.1708056922618177
3281,167575.0,8525.0,Hoeksche Waard,998.0,3281.0,8890.0,0.4898762654668167,0.5095613048368954,0.1361079865016873,0.1124859392575928,0.19460067491563554,0.3138357705286839,0.2424071991001125,0.9988751406074241,0.0011248593925759281,0.0,0.43700787401574803,0.2908622908622909,0.3590733590733591,0.06048906048906049,0.287001287001287,2.3,4000.0,0.145,0.1,0.26,0.1575,0.12625,0.10875,0.0675,0.035,0.15625,70.0,30.0,0.26125,0.03625,270.0,0.046681664791901015,0.08683914510686164,0.0004499437570303712,1.0,1.1572038455041096
3039,162906.0,8287.0,Rotterdam,859.0,3039.0,10415.0,0.49063850216034566,0.5098415746519444,0.11377820451272204,0.1156985117618819,0.4498319731156985,0.20067210753720596,0.12049927988478157,0.9971195391262602,0.0019203072491598655,0.0009601536245799327,0.5866538646183389,0.5490998363338789,0.2528641571194763,0.05155482815057283,0.1342062193126023,1.7,5600.0,0.8125,0.08482142857142858,0.011607142857142858,0.059821428571428574,0.02142857142857143,0.010714285714285714,0.0,0.0,0.9910714285714286,60.0,40.0,0.09017857142857143,0.05089285714285714,283.0,0.044167066730676906,0.4981277004320691,9.601536245799327e-05,3.0,1.0329613344265378
3297,162834.0,8284.0,Hoeksche Waard,1005.0,3297.0,7115.0,0.49191848208011246,0.5087842586085735,0.1510892480674631,0.10470836261419536,0.22206605762473647,0.27055516514406186,0.2522839072382291,0.9985945186226283,0.0014054813773717498,0.0,0.4258608573436402,0.297029702970297,0.3465346534653465,0.0594059405940594,0.29372937293729373,2.3,3160.0,0.060126582278481014,0.16930379746835442,0.25158227848101267,0.08069620253164557,0.10443037974683544,0.13765822784810128,0.14715189873417722,0.05063291139240506,0.1930379746835443,60.0,40.0,0.3338607594936709,0.02689873417721519,244.0,0.06184118060435699,0.11904427266338721,0.0005621925509487,1.0,1.038637002426917
3067,160734.0,8177.0,Rotterdam,880.0,3067.0,21025.0,0.47253269916765755,0.5274673008323425,0.12889417360285374,0.12294887039239001,0.26920332936979785,0.25802615933412604,0.22092746730083235,0.9980975029726517,0.0004756242568370987,0.001426872770511296,0.5507728894173602,0.5289291882556131,0.21157167530224524,0.09844559585492228,0.15241796200345423,1.8,11245.0,0.004446420631391729,0.11071587372165406,0.3272565584704313,0.303245887060916,0.16362827923521564,0.046242774566473986,0.03868385949310805,0.005335704757670075,0.7638950644730992,40.0,60.0,0.4886616273899511,0.040017785682525564,189.0,0.11224732461355529,0.15681331747919144,4.756242568370987e-05,2.0,0.35675059201850345
3161,158722.0,8074.0,Albrandswaard,932.0,3161.0,8665.0,0.47951529140219273,0.5204847085978073,0.15983843046739757,0.0946335833814195,0.22792844777841892,0.2873629544143104,0.23023658395845356,0.9976918638199653,0.001154068090017311,0.001154068090017311,0.44950952106174263,0.3286264441591784,0.3157894736842105,0.06546854942233633,0.2862644415917843,2.2,3985.0,0.09786700125470514,0.2107904642409034,0.13676286072772897,0.2572145545796738,0.07528230865746549,0.026348808030112924,0.12797992471769135,0.06649937264742785,0.205771643663739,70.0,30.0,0.2245922208281054,0.04015056461731493,308.0,0.044431621465666475,0.10859780727062897,0.0004616272360069244,1.0,1.1799535856152834
3065,157355.0,8005.0,Rotterdam,878.0,3065.0,8300.0,0.491566265060241,0.5084337349397591,0.14759036144578314,0.15060240963855423,0.2,0.3373493975903614,0.1644578313253012,0.9963855421686747,0.0012048192771084338,0.0024096385542168677,0.43734939759036146,0.31129476584022037,0.29338842975206614,0.081267217630854,0.3085399449035813,2.3,3500.0,0.03142857142857143,0.007142857142857143,0.0,0.002857142857142857,0.7328571428571429,0.17857142857142858,0.03857142857142857,0.007142857142857143,0.35,60.0,40.0,0.24285714285714285,0.024285714285714285,420.0,0.04397590361445783,0.23867469879518072,0.00024096385542168674,4.0,1.227745835870646
3233,149960.0,7629.0,Voorne aan Zee,970.0,3233.0,7765.0,0.4971023824855119,0.5028976175144881,0.1390856406954282,0.09465550547327753,0.1828718609143593,0.30972311654861556,0.2736638763683194,0.9987121699935608,0.00128783000643915,0.0,0.4468770122343851,0.30835734870317005,0.3631123919308357,0.06051873198847262,0.2680115273775216,2.2,3625.0,0.16137931034482758,0.15586206896551724,0.17379310344827587,0.12,0.06896551724137931,0.16275862068965516,0.1296551724137931,0.027586206896551724,0.2013793103448276,70.0,30.0,0.05517241379310345,0.05241379310344828,374.0,0.044430135222150675,0.09092079845460399,0.00051513200257566,4.0,1.2896864043665128
3068,143407.0,7295.0,Rotterdam,881.0,3068.0,22860.0,0.47331583552055995,0.5266841644794401,0.1594488188976378,0.1052055993000875,0.2399387576552931,0.260498687664042,0.23490813648293962,0.9982502187226596,0.0004374453193350831,0.0013123359580052493,0.47200349956255466,0.42771084337349397,0.22289156626506024,0.11723818350324375,0.22706209453197404,2.1,10770.0,0.0,0.0,0.5868152274837511,0.3319405756731662,0.04131847725162489,0.02460538532961931,0.013463324048282266,0.002321262766945218,0.5533890436397401,40.0,60.0,0.5097493036211699,0.026462395543175487,199.0,0.10433070866141732,0.1269028871391076,4.374453193350831e-05,2.0,0.3757332195174139
3145,141821.0,7215.0,Maassluis,927.0,3145.0,6850.0,0.4927007299270073,0.5072992700729927,0.16642335766423358,0.1145985401459854,0.23868613138686132,0.24014598540145984,0.24087591240875914,0.9956204379562044,0.00145985401459854,0.00291970802919708,0.43503649635036495,0.31208053691275167,0.337248322147651,0.06543624161073826,0.2802013422818792,2.3,2990.0,0.0,0.028428093645484948,0.637123745819398,0.008361204013377926,0.01839464882943144,0.023411371237458192,0.23745819397993312,0.046822742474916385,0.540133779264214,60.0,40.0,0.2826086956521739,0.03177257525083612,236.0,0.06277372262773723,0.26467153284671535,0.00029197080291970805,1.0,1.02285201091692
3056,138542.0,7048.0,Rotterdam,872.0,3056.0,3440.0,0.49709302325581395,0.502906976744186,0.19622093023255813,0.12936046511627908,0.20348837209302326,0.3633720930232558,0.10755813953488372,0.9912790697674418,0.0029069767441860465,0.005813953488372093,0.38808139534883723,0.2247191011235955,0.26591760299625467,0.10486891385767791,0.4044943820224719,2.6,1300.0,0.24615384615384617,0.026923076923076925,0.007692307692307693,0.026923076923076925,0.007692307692307693,0.6653846153846154,0.015384615384615385,0.0,0.11538461538461539,80.0,20.0,0.18846153846153846,0.03076923076923077,358.0,0.04941860465116279,0.2561046511627907,0.0011627906976744186,4.0,1.6709771829755624
3116,136274.0,6932.0,Schiedam,906.0,3116.0,3260.0,0.504601226993865,0.495398773006135,0.15950920245398773,0.10122699386503067,0.23006134969325154,0.29754601226993865,0.21012269938650308,0.9938650306748467,0.003067484662576687,0.003067484662576687,0.4493865030674847,0.36177474402730375,0.310580204778157,0.051194539249146756,0.2696245733788396,2.2,1565.0,0.597444089456869,0.02875399361022364,0.05750798722044728,0.08306709265175719,0.051118210862619806,0.12140575079872204,0.02875399361022364,0.025559105431309903,0.6038338658146964,70.0,30.0,0.019169329073482427,0.12779552715654952,320.0,0.03987730061349693,1.019631901840491,0.00030674846625766873,4.0,1.5685119616539445
3291,134897.0,6862.0,Hoeksche Waard,1001.0,3291.0,7840.0,0.492984693877551,0.5070153061224489,0.12818877551020408,0.12244897959183673,0.1951530612244898,0.32589285714285715,0.22767857142857142,0.9987244897959183,0.0012755102040816326,0.0,0.43686224489795916,0.2846715328467153,0.362043795620438,0.06715328467153285,0.2832116788321168,2.3,3505.0,0.15691868758915833,0.10984308131241084,0.26105563480741795,0.15121255349500715,0.09843081312410841,0.1326676176890157,0.06847360912981455,0.021398002853067047,0.17261055634807418,70.0,30.0,0.2653352353780314,0.029957203994293864,247.0,0.05357142857142857,0.08724489795918368,0.0005102040816326531,1.0,1.1302453784712319
3077,132765.0,6754.0,Rotterdam,889.0,3077.0,18255.0,0.49821966584497396,0.5015064365927143,0.1848808545603944,0.12900575184880855,0.2818405916187346,0.28375787455491647,0.12024102985483429,0.9967132292522597,0.0005477951246233908,0.002738975623116954,0.4322103533278554,0.3517110266159696,0.23827629911280102,0.1520912547528517,0.2503168567807351,2.2,7480.0,0.07085561497326204,0.02874331550802139,0.0006684491978609625,0.4859625668449198,0.22994652406417113,0.14906417112299467,0.03409090909090909,0.0,0.4899732620320856,50.0,50.0,0.3803475935828877,0.029411764705882353,191.0,0.1021637907422624,0.12078882497945768,0.00010955902492467817,2.0,0.4537155036940459
3071,131487.0,6689.0,Rotterdam,883.0,3071.0,19700.0,0.4939086294416244,0.5060913705583756,0.17715736040609137,0.1218274111675127,0.31040609137055836,0.2614213197969543,0.12918781725888326,0.9964467005076142,0.0005076142131979696,0.003045685279187817,0.48959390862944163,0.46604458268532917,0.1933644375324002,0.1368584758942457,0.19232763089683774,2.0,9175.0,0.23596730245231606,0.03923705722070845,0.0,0.23814713896457765,0.14713896457765668,0.27084468664850136,0.037057220708446865,0.03106267029972752,0.9476839237057221,30.0,70.0,0.6114441416893733,0.03760217983651226,232.0,0.14441624365482233,0.22847715736040608,5.076142131979695e-05,2.0,0.32103904601805644
3295,128756.0,6550.0,Hoeksche Waard,1004.0,3295.0,8905.0,0.49241998877035376,0.5075800112296462,0.16058394160583941,0.10050533408197641,0.2313307130825379,0.2784952274003369,0.22908478382930939,1.0,0.0,0.0,0.4317798989331836,0.2964889466840052,0.35240572171651496,0.053315994798439535,0.2964889466840052,2.3,3935.0,0.17026683608640406,0.07878017789072427,0.241423125794155,0.12706480304955528,0.12833545108005082,0.10927573062261753,0.10927573062261753,0.035578144853875476,0.27064803049555275,70.0,30.0,0.29224904701397714,0.02795425667090216,240.0,0.049410443571027515,0.10971364402021336,0.00044918585064570465,1.0,1.115866919448195
3037,125903.0,6405.0,Rotterdam,857.0,3037.0,7825.0,0.47859424920127797,0.5220447284345048,0.1501597444089457,0.1194888178913738,0.37252396166134183,0.2268370607028754,0.13099041533546327,0.994888178913738,0.0012779552715654952,0.0038338658146964857,0.5284345047923322,0.5187424425634825,0.20435308343409916,0.07859733978234583,0.18621523579201935,1.9,3800.0,0.7223684210526315,0.007894736842105263,0.05,0.0,0.125,0.04078947368421053,0.056578947368421055,0.0,0.9315789473684211,40.0,60.0,0.3881578947368421,0.05526315789473684,276.0,0.09904153354632587,0.8484345047923323,0.00012779552715654952,3.0,0.8383514803730034
3051,122763.0,6245.0,Rotterdam,867.0,3051.0,7875.0,0.4901587301587302,0.5098412698412699,0.1746031746031746,0.1111111111111111,0.3549206349206349,0.24761904761904763,0.11174603174603175,0.9974603174603175,0.0012698412698412698,0.0012698412698412698,0.49142857142857144,0.4263565891472868,0.2622739018087855,0.06976744186046512,0.23126614987080105,2.0,3755.0,0.8362183754993342,0.04660452729693742,0.0,0.005326231691078562,0.02663115845539281,0.05992010652463382,0.018641810918774968,0.005326231691078562,0.7616511318242344,70.0,30.0,0.017310252996005325,0.06790945406125166,288.0,0.04126984126984127,0.40114285714285713,0.00012698412698412698,3.0,1.1237190622157691
3247,122470.0,6230.0,Goeree-Overflakkee,979.0,3247.0,5840.0,0.4897260273972603,0.5102739726027398,0.1857876712328767,0.13013698630136986,0.23373287671232876,0.2671232876712329,0.1832191780821918,1.0,0.0,0.0,0.4006849315068493,0.2948717948717949,0.3162393162393162,0.049145299145299144,0.33760683760683763,2.4,2440.0,0.2540983606557377,0.09631147540983606,0.1290983606557377,0.11065573770491803,0.09836065573770492,0.10655737704918032,0.12704918032786885,0.07991803278688525,0.1557377049180328,70.0,30.0,0.25,0.05327868852459016,236.0,0.046232876712328765,0.11044520547945205,0.0006849315068493151,1.0,1.0905527717714092
3054,122258.0,6219.0,Rotterdam,870.0,3054.0,7925.0,0.46876971608832807,0.5312302839116719,0.14511041009463724,0.0971608832807571,0.20126182965299685,0.277602523659306,0.27949526813880127,0.9962145110410094,0.0012618296529968455,0.002523659305993691,0.5003154574132492,0.4640605296343001,0.2572509457755359,0.07818411097099622,0.19419924337957126,1.9,4120.0,0.2827669902912621,0.2196601941747573,0.043689320388349516,0.02669902912621359,0.025485436893203883,0.1638349514563107,0.2366504854368932,0.0012135922330097086,0.7063106796116505,50.0,50.0,0.3640776699029126,0.05946601941747573,408.0,0.07886435331230283,0.263217665615142,0.0002523659305993691,1.0,1.1129979993549801
3123,121422.0,6177.0,Schiedam,912.0,3123.0,7390.0,0.4844384303112314,0.5155615696887687,0.13870094722598106,0.10825439783491204,0.21718538565629228,0.2807848443843031,0.2550744248985115,0.9972936400541272,0.0013531799729364006,0.0013531799729364006,0.45263870094722597,0.34080717488789236,0.3109118086696562,0.08071748878923767,0.26307922272047835,2.2,3330.0,0.003003003003003003,0.0,0.2042042042042042,0.47897897897897895,0.2987987987987988,0.013513513513513514,0.0,0.0,0.4339339339339339,60.0,40.0,0.35135135135135137,0.015015015015015015,226.0,0.056833558863328824,0.3520974289580514,0.00013531799729364006,1.0,0.9949942662037412
3124,117869.0,5996.0,Schiedam,913.0,3124.0,8185.0,0.5076359193646915,0.4923640806353085,0.15149664019547954,0.144777031154551,0.2028100183262065,0.3720219914477703,0.12889431887599268,0.9975565058032987,0.0012217470983506415,0.0012217470983506415,0.3836285888821014,0.18630573248407642,0.321656050955414,0.0732484076433121,0.41878980891719747,2.6,3115.0,0.014446227929373997,0.0,0.0,0.0,0.5521669341894061,0.2568218298555377,0.17174959871589085,0.0,0.2680577849117175,90.0,10.0,0.09791332263242375,0.014446227929373997,310.0,0.04459376908979841,0.22431276725717778,0.0002443494196701283,4.0,1.3435686079094729
3069,117797.0,5992.0,Rotterdam,882.0,3069.0,18980.0,0.4718124341412013,0.5281875658587988,0.14199157007376184,0.09299262381454163,0.21443624868282402,0.26949420442571126,0.28108535300316123,0.9984193888303478,0.0005268703898840885,0.001053740779768177,0.5063224446786091,0.4422476586888658,0.2679500520291363,0.09781477627471384,0.18730489073881373,1.9,9705.0,0.0005151983513652757,0.0,0.37145801133436374,0.38794435857805254,0.1566202988150438,0.05667181865018032,0.026790314270994334,0.0,0.6172076249356002,40.0,60.0,0.4925296239052035,0.026790314270994334,209.0,0.10748155953635406,0.13893572181243413,5.2687038988408854e-05,2.0,0.4140618096364346
3079,113354.0,5766.0,Rotterdam,891.0,3079.0,16010.0,0.48376014990630856,0.5162398500936914,0.17801374141161774,0.11211742660836976,0.29606495940037475,0.24047470331043097,0.1736414740787008,0.9968769519050593,0.0006246096189881324,0.0024984384759525295,0.4831355402873204,0.4434389140271493,0.2094376212023271,0.1363930187459599,0.20103425985778928,2.0,7850.0,0.0535031847133758,0.34267515923566877,0.4286624203821656,0.061146496815286625,0.049681528662420385,0.01464968152866242,0.049681528662420385,0.0,0.6802547770700637,40.0,60.0,0.45414012738853504,0.05923566878980892,161.0,0.12336039975015615,0.172579637726421,6.246096189881324e-05,2.0,0.32053818830319325
3016,112759.0,5736.0,Rotterdam,841.0,3016.0,2090.0,0.5430622009569378,0.4569377990430622,0.04784688995215311,0.22248803827751196,0.3684210526315789,0.215311004784689,0.145933014354067,0.9808612440191388,0.009569377990430622,0.009569377990430622,0.6770334928229665,0.6219081272084805,0.28975265017667845,0.02120141342756184,0.06007067137809187,1.5,1140.0,0.5,0.11403508771929824,0.17982456140350878,0.008771929824561403,0.0,0.13157894736842105,0.06578947368421052,0.0,0.9649122807017544,50.0,50.0,0.14912280701754385,0.15789473684210525,471.0,0.0215311004784689,1.7564593301435407,0.0004784688995215311,3.0,1.5875850324301486
3162,105648.0,5374.0,Albrandswaard,933.0,3162.0,7425.0,0.5023569023569023,0.4983164983164983,0.23703703703703705,0.12053872053872054,0.2404040404040404,0.2983164983164983,0.10437710437710437,0.9959595959595959,0.0013468013468013469,0.0026936026936026937,0.3622895622895623,0.20074349442379183,0.241635687732342,0.07992565055762081,0.4758364312267658,2.7,2690.0,0.0,0.0,0.0,0.0,0.0,0.5278810408921933,0.4591078066914498,0.011152416356877323,0.24721189591078066,80.0,20.0,0.22304832713754646,0.020446096654275093,335.0,0.04781144781144781,0.1503030303030303,0.00040404040404040404,4.0,1.2502102771100863
3171,105412.0,5362.0,Albrandswaard,935.0,3171.0,5965.0,0.48281642917015927,0.5171835708298408,0.15758591785414922,0.12321877619446772,0.19195305951383068,0.32103939647946356,0.20620284995808885,0.9966471081307627,0.0016764459346186086,0.0016764459346186086,0.4124056999161777,0.258130081300813,0.32113821138211385,0.09552845528455285,0.3252032520325203,2.4,2540.0,0.0610236220472441,0.18110236220472442,0.1062992125984252,0.14173228346456693,0.37598425196850394,0.051181102362204724,0.08070866141732283,0.003937007874015748,0.1279527559055118,60.0,40.0,0.3799212598425197,0.03937007874015748,275.0,0.05699916177703269,0.1991617770326907,0.0005029337803855825,1.0,1.0627568777189698
3136,101668.0,5172.0,Vlaardingen,920.0,3136.0,10760.0,0.45353159851301117,0.5464684014869888,0.14451672862453532,0.09200743494423792,0.2100371747211896,0.2216542750929368,0.3313197026022305,0.9972118959107806,0.0009293680297397769,0.0018587360594795538,0.4795539033457249,0.437015503875969,0.2771317829457364,0.09108527131782945,0.19089147286821706,2.0,5590.0,0.0,0.04830053667262969,0.8121645796064401,0.0,0.0,0.01520572450805009,0.04293381037567084,0.08139534883720931,0.7352415026833632,30.0,70.0,0.5894454382826476,0.06708407871198568,201.0,0.09154275092936803,0.2867100371747212,9.29368029739777e-05,2.0,0.3303225750982821
3262,101238.0,5150.0,Hoeksche Waard,990.0,3262.0,9420.0,0.4846072186836518,0.5159235668789809,0.1740976645435244,0.11464968152866242,0.2213375796178344,0.26008492569002123,0.22983014861995754,0.9989384288747346,0.0010615711252653928,0.0,0.42197452229299365,0.32452830188679244,0.3069182389937107,0.07421383647798742,0.2930817610062893,2.3,4095.0,0.18925518925518925,0.07448107448107448,0.32234432234432236,0.25518925518925517,0.047619047619047616,0.031746031746031744,0.02442002442002442,0.05372405372405373,0.21123321123321123,60.0,40.0,0.304029304029304,0.03785103785103785,254.0,0.04777070063694268,0.17717622080679404,0.00021231422505307856,1.0,1.0278540141229466
3131,100346.0,5105.0,Vlaardingen,915.0,3131.0,15360.0,0.4905598958333333,0.5094401041666666,0.15690104166666666,0.11067708333333333,0.2962239583333333,0.2711588541666667,0.1650390625,0.998046875,0.0006510416666666666,0.0013020833333333333,0.5016276041666666,0.4445165476963011,0.2426995457495133,0.11096690460739779,0.19662556781310836,2.0,7855.0,0.37937619350732016,0.36537237428389563,0.020369191597708464,0.04455760661998727,0.08784213876511776,0.05728835136855506,0.026098026734563972,0.019096117122851686,0.67982176957352,50.0,50.0,0.35646085295989816,0.06365372374283895,176.0,0.09342447916666667,0.22962239583333333,6.510416666666667e-05,2.0,0.4374146799325077
3201,100070.0,5091.0,Nissewaard,948.0,3201.0,13735.0,0.47834000728066983,0.521295959228249,0.15507826720058246,0.0939206406989443,0.2715689843465599,0.2530032763014197,0.22642883145249362,0.9978157990535129,0.0007280669821623589,0.0014561339643247178,0.482708409173644,0.4132730015082956,0.27601809954751133,0.10105580693815988,0.2066365007541478,2.0,6650.0,0.02180451127819549,0.06842105263157895,0.0443609022556391,0.37819548872180453,0.13383458646616542,0.11503759398496241,0.18646616541353384,0.05112781954887218,0.5639097744360902,40.0,60.0,0.48796992481203005,0.02706766917293233,194.0,0.10775391336002912,0.19839825263924282,7.28066982162359e-05,2.0,0.3999589175471824
3117,98413.0,5006.0,Schiedam,907.0,3117.0,9240.0,0.5108225108225108,0.48917748917748916,0.15638528138528138,0.11525974025974026,0.31222943722943725,0.262987012987013,0.15313852813852813,0.9956709956709957,0.0021645021645021645,0.0021645021645021645,0.47943722943722944,0.4525959367945824,0.21557562076749437,0.09593679458239278,0.2291196388261851,2.0,4530.0,0.7108167770419426,0.0728476821192053,0.0,0.056291390728476824,0.0728476821192053,0.03090507726269316,0.04525386313465784,0.011037527593818985,0.7196467991169978,50.0,50.0,0.15783664459161148,0.11479028697571744,174.0,0.07738095238095238,0.4075757575757576,0.00010822510822510823,2.0,0.4194517107728279
3083,98159.0,4993.0,Rotterdam,894.0,3083.0,13900.0,0.5330935251798561,0.46690647482014386,0.15323741007194244,0.1302158273381295,0.4025179856115108,0.2197841726618705,0.09388489208633094,0.9949640287769784,0.002158273381294964,0.0028776978417266188,0.5633093525179856,0.5542784163473818,0.18199233716475097,0.1053639846743295,0.14367816091954022,1.8,7345.0,0.39823008849557523,0.39006126616746084,0.0068073519400953025,0.05309734513274336,0.10211027910142954,0.03880190605854323,0.011572498298162015,0.0,0.9693669162695712,40.0,60.0,0.19264805990469708,0.06603131381892444,121.0,0.11151079136690648,0.3713669064748201,7.194244604316547e-05,3.0,0.25481257022420367
3076,97602.0,4965.0,Rotterdam,888.0,3076.0,14240.0,0.49683988764044945,0.5028089887640449,0.1857443820224719,0.11938202247191011,0.2952949438202247,0.23560393258426968,0.16362359550561797,0.9957865168539326,0.0007022471910112359,0.0035112359550561797,0.49683988764044945,0.48056537102473496,0.1823321554770318,0.1413427561837456,0.18515901060070672,2.0,6980.0,0.020773638968481375,0.6017191977077364,0.14326647564469913,0.07879656160458452,0.02650429799426934,0.06017191977077364,0.06160458452722063,0.0071633237822349575,0.7356733524355301,30.0,70.0,0.5093123209169055,0.04871060171919771,155.0,0.1404494382022472,0.1821629213483146,7.02247191011236e-05,2.0,0.21846065900322864
3263,95114.0,4839.0,Hoeksche Waard,991.0,3263.0,4745.0,0.5036880927291886,0.49736564805057953,0.15700737618545837,0.1327713382507903,0.21180189673340358,0.3361433087460485,0.16332982086406744,0.9978925184404637,0.002107481559536354,0.0,0.40042149631190727,0.21052631578947367,0.35,0.07631578947368421,0.3605263157894737,2.5,1895.0,0.0,0.0,0.0,0.43535620052770446,0.5408970976253298,0.021108179419525065,0.002638522427440633,0.0,0.11081794195250659,80.0,20.0,0.20580474934036938,0.0079155672823219,262.0,0.051633298208640675,0.2600632244467861,0.0006322444678609062,4.0,1.2213765081880583
3075,94066.0,4785.0,Rotterdam,887.0,3075.0,13755.0,0.47546346782988,0.52453653217012,0.15957833515085423,0.11450381679389313,0.2435478007997092,0.27880770628862234,0.20319883678662304,0.9963649581970193,0.0007270083605961468,0.0029080334423845873,0.500181752090149,0.4578488372093023,0.2136627906976744,0.15188953488372092,0.17005813953488372,2.0,6735.0,0.732739420935412,0.016332590942835932,0.0,0.03711952487008166,0.13734224201930215,0.023756495916852263,0.03711952487008166,0.014847809948032665,0.2746844840386043,10.0,90.0,0.7965850037119525,0.03934669636228656,163.0,0.16175936023264267,0.2900763358778626,7.270083605961468e-05,2.0,0.08828930853199371
3155,92677.0,4715.0,Midden-Delfland,931.0,3155.0,6625.0,0.4928301886792453,0.5071698113207547,0.1569811320754717,0.12679245283018867,0.19245283018867926,0.30641509433962266,0.21735849056603773,0.9969811320754717,0.0015094339622641509,0.0015094339622641509,0.4143396226415094,0.2604735883424408,0.34790528233151186,0.06739526411657559,0.3205828779599271,2.4,2770.0,0.13898916967509026,0.16606498194945848,0.18772563176895307,0.16967509025270758,0.13176895306859207,0.07581227436823104,0.09927797833935018,0.02888086642599278,0.16967509025270758,70.0,30.0,0.24729241877256317,0.02707581227436823,355.0,0.03471698113207547,0.1129056603773585,0.0006037735849056604,4.0,1.2573672568500638
3235,90529.0,4605.0,Voorne aan Zee,972.0,3235.0,6400.0,0.4984375,0.5015625,0.1203125,0.1046875,0.16796875,0.3390625,0.26796875,0.9984375,0.0015625,0.0,0.4640625,0.32491582491582494,0.3686868686868687,0.05555555555555555,0.24915824915824916,2.2,3040.0,0.14967105263157895,0.11348684210526316,0.22203947368421054,0.21217105263157895,0.12664473684210525,0.05263157894736842,0.09046052631578948,0.03453947368421053,0.16282894736842105,70.0,30.0,0.06743421052631579,0.05592105263157895,340.0,0.04609375,0.085,0.000625,4.0,1.2505480784012013
3135,90372.0,4597.0,Vlaardingen,919.0,3135.0,12820.0,0.48868954758190325,0.5113104524180967,0.19032761310452417,0.11544461778471139,0.2531201248049922,0.2718408736349454,0.16965678627145087,0.9976599063962559,0.00078003120124805,0.0015600624024961,0.4282371294851794,0.30965391621129323,0.2768670309653916,0.10018214936247723,0.3105646630236794,2.3,5490.0,0.2550091074681239,0.40528233151183973,0.023679417122040074,0.0018214936247723133,0.0692167577413479,0.060109289617486336,0.14116575591985428,0.044626593806921674,0.4435336976320583,60.0,40.0,0.3406193078324226,0.0273224043715847,233.0,0.07410296411856475,0.20280811232449297,7.800312012480499e-05,1.0,0.6073506977666966
3146,90297.0,4594.0,Maassluis,928.0,3146.0,4960.0,0.4969758064516129,0.5020161290322581,0.13608870967741934,0.11491935483870967,0.20161290322580644,0.3215725806451613,0.22580645161290322,0.9959677419354839,0.0020161290322580645,0.0020161290322580645,0.40524193548387094,0.2064676616915423,0.3855721393034826,0.06467661691542288,0.3407960199004975,2.4,1995.0,0.002506265664160401,0.0,0.0,0.5939849624060151,0.3333333333333333,0.07017543859649122,0.0,0.0,0.17042606516290726,80.0,20.0,0.18546365914786966,0.012531328320802004,250.0,0.04838709677419355,0.24233870967741936,0.0006048387096774194,4.0,1.2266973602249438
3072,88412.0,4498.0,Rotterdam,884.0,3072.0,16015.0,0.49703403059631596,0.5029659694036841,0.15454261629722135,0.1458008117389947,0.33499843896347176,0.24164845457383702,0.12332188573212613,0.9956290977208867,0.0006244146113019045,0.003746487667811427,0.5017171401810803,0.48599875544492843,0.21281891723708773,0.104542626011201,0.18606098319850653,2.0,8145.0,0.281767955801105,0.03314917127071823,0.004910988336402701,0.055248618784530384,0.18293431553100062,0.09515039901780234,0.2332719459791283,0.11295273173726213,0.9263351749539595,20.0,80.0,0.5923879680785759,0.08225905463474524,249.0,0.13362472681860754,0.2915391820168592,6.244146113019045e-05,2.0,0.27439871928618914
3286,88227.0,4488.0,Hoeksche Waard,1000.0,3286.0,4150.0,0.5,0.4987951807228916,0.15542168674698795,0.10722891566265061,0.22048192771084338,0.30120481927710846,0.21566265060240963,1.0,0.0,0.0,0.42048192771084336,0.2693409742120344,0.37249283667621774,0.03724928366762178,0.31805157593123207,2.4,1760.0,0.19318181818181818,0.09943181818181818,0.3068181818181818,0.07102272727272728,0.15056818181818182,0.08238636363636363,0.09375,0.005681818181818182,0.12215909090909091,80.0,20.0,0.16477272727272727,0.028409090909090908,263.0,0.03855421686746988,0.10240963855421686,0.0012048192771084338,4.0,1.2364883807373608
3192,87175.0,4435.0,Rotterdam,940.0,3192.0,12475.0,0.464128256513026,0.535871743486974,0.156312625250501,0.10140280561122245,0.24248496993987975,0.24288577154308616,0.2569138276553106,0.9967935871743487,0.0008016032064128256,0.002404809619238477,0.487374749498998,0.4350328947368421,0.2557565789473684,0.11019736842105263,0.19407894736842105,2.0,6175.0,0.0,0.14493927125506073,0.39838056680161943,0.06396761133603239,0.07206477732793522,0.07692307692307693,0.2437246963562753,0.0,0.551417004048583,30.0,70.0,0.6242914979757085,0.03562753036437247,182.0,0.10981963927855712,0.17226452905811623,0.00016032064128256512,2.0,0.2944342613885267
3078,85312.0,4340.0,Rotterdam,890.0,3078.0,12860.0,0.45645412130637636,0.5435458786936236,0.15902021772939348,0.10769828926905133,0.23678071539657855,0.23561430793157076,0.2608864696734059,0.9961119751166407,0.0007776049766718507,0.003110419906687403,0.48989113530326595,0.4801587301587302,0.2150793650793651,0.12777777777777777,0.16984126984126985,2.0,6370.0,0.13657770800627944,0.18681318681318682,0.358712715855573,0.11145996860282574,0.027472527472527472,0.022762951334379906,0.14756671899529042,0.009419152276295133,0.6420722135007849,30.0,70.0,0.6051805337519623,0.03610675039246468,171.0,0.12052877138413685,0.20583203732503888,7.776049766718506e-05,2.0,0.2572387567681706
3252,85201.0,4334.0,Goeree-Overflakkee,983.0,3252.0,2295.0,0.49455337690631807,0.5032679738562091,0.1568627450980392,0.11328976034858387,0.22004357298474944,0.2962962962962963,0.21350762527233116,1.0,0.0,0.0,0.4226579520697168,0.27319587628865977,0.3711340206185567,0.041237113402061855,0.31443298969072164,2.4,1020.0,0.23529411764705882,0.15196078431372548,0.09803921568627451,0.14705882352941177,0.10294117647058823,0.10784313725490197,0.07352941176470588,0.08333333333333333,0.05392156862745098,80.0,20.0,0.18627450980392157,0.06862745098039216,300.0,0.037037037037037035,0.1224400871459695,0.002178649237472767,4.0,1.660444527880861
3299,84810.0,4314.0,Hoeksche Waard,1006.0,3299.0,3250.0,0.49538461538461537,0.5046153846153846,0.14,0.11538461538461539,0.1723076923076923,0.32153846153846155,0.24923076923076923,0.9969230769230769,0.003076923076923077,0.0,0.4276923076923077,0.26258992805755393,0.39568345323741005,0.04316546762589928,0.29856115107913667,2.3,1395.0,0.14336917562724014,0.17562724014336917,0.23297491039426524,0.13620071684587814,0.10752688172043011,0.15053763440860216,0.03942652329749104,0.014336917562724014,0.08243727598566308,80.0,20.0,0.18996415770609318,0.025089605734767026,314.0,0.036923076923076927,0.11107692307692307,0.0015384615384615385,4.0,1.3141194563949263
3195,84504.0,4299.0,Rotterdam,943.0,3195.0,4885.0,0.49744114636642783,0.5025588536335721,0.150460593654043,0.10849539406345957,0.2517911975435005,0.2937563971340839,0.19651995905834185,0.9959058341862845,0.0020470829068577278,0.0020470829068577278,0.4564994882292733,0.33856502242152464,0.3004484304932735,0.08520179372197309,0.26905829596412556,2.2,2260.0,0.39823008849557523,0.3915929203539823,0.008849557522123894,0.022123893805309734,0.00663716814159292,0.046460176991150445,0.11283185840707964,0.015486725663716814,0.1592920353982301,70.0,30.0,0.21460176991150443,0.0420353982300885,193.0,0.057318321392016376,0.15087001023541455,0.0008188331627430911,1.0,1.0279632571224526
3061,84391.0,4293.0,Rotterdam,874.0,3061.0,16070.0,0.48599875544492843,0.5140012445550716,0.13658991910392035,0.19041692594897325,0.33602986932171747,0.21095208462974488,0.12601120099564406,0.9968886123210952,0.0006222775357809583,0.002489110143123833,0.5637834474175483,0.5761589403973509,0.18929359823399558,0.08664459161147903,0.13410596026490065,1.8,8130.0,0.35977859778597787,0.1857318573185732,0.006150061500615006,0.16543665436654367,0.1974169741697417,0.03075030750307503,0.026445264452644526,0.02890528905289053,0.9243542435424354,30.0,70.0,0.47293972939729395,0.04920049200492005,248.0,0.11667703795892968,0.3550715619166148,6.222775357809582e-05,3.0,0.3387359069927203
3137,83099.0,4227.0,Vlaardingen,921.0,3137.0,13350.0,0.4794007490636704,0.5205992509363296,0.14569288389513108,0.10486891385767791,0.1943820224719101,0.28164794007490634,0.27340823970037453,0.998501872659176,0.000749063670411985,0.000749063670411985,0.4647940074906367,0.3408541498791297,0.3271555197421434,0.09347300564061241,0.23529411764705882,2.1,6175.0,0.0016194331983805667,0.0024291497975708503,0.20080971659919028,0.5376518218623482,0.23481781376518218,0.0024291497975708503,0.020242914979757085,0.0,0.4834008097165992,50.0,50.0,0.4672064777327935,0.017813765182186234,239.0,0.06891385767790262,0.18329588014981274,0.000149812734082397,1.0,0.5647175224705342
3031,82769.0,4211.0,Rotterdam,851.0,3031.0,8285.0,0.46348823174411585,0.5365117682558841,0.12009656004828002,0.17501508750754374,0.35184067592033796,0.203983101991551,0.1496680748340374,0.9927579963789982,0.0024140012070006035,0.004828002414001207,0.5733252866626434,0.5789473684210527,0.1968421052631579,0.10105263157894737,0.11052631578947368,1.7,4575.0,0.15628415300546447,0.21092896174863388,0.006557377049180328,0.4065573770491803,0.14863387978142076,0.014207650273224045,0.05573770491803279,0.0,0.9989071038251366,20.0,80.0,0.5278688524590164,0.046994535519125684,213.0,0.1291490645745323,0.9417018708509354,0.00012070006035003017,3.0,0.22032735978297346
3066,81898.0,4166.0,Rotterdam,879.0,3066.0,10375.0,0.48289156626506025,0.5171084337349398,0.13156626506024097,0.09445783132530121,0.20963855421686747,0.31903614457831325,0.2453012048192771,0.996144578313253,0.0009638554216867469,0.002891566265060241,0.5209638554216868,0.46993524514338575,0.24051803885291398,0.0971322849213691,0.1877890841813136,1.9,5400.0,0.006481481481481481,0.09166666666666666,0.28055555555555556,0.046296296296296294,0.39351851851851855,0.12962962962962962,0.05185185185185185,0.0,0.6712962962962963,40.0,60.0,0.5685185185185185,0.032407407407407406,245.0,0.11951807228915663,0.28289156626506023,9.63855421686747e-05,2.0,0.4434444774139931
3073,81829.0,4163.0,Rotterdam,885.0,3073.0,14255.0,0.5047351806383725,0.4949140652402666,0.18800420904945633,0.15433181339880744,0.31883549631708175,0.23816204840406874,0.10066643283058575,0.9950894423009471,0.0007015082427218519,0.004209049456331112,0.4696597685022799,0.45556385362210605,0.17326362957430919,0.15384615384615385,0.20687079910380882,2.1,6305.0,0.7581284694686756,0.004758128469468675,0.0,0.026169706582077717,0.07930214115781126,0.08881839809674862,0.034892942109436956,0.007930214115781126,0.6590007930214116,20.0,80.0,0.584456780333069,0.05313243457573354,135.0,0.16274991231146965,0.44531743247983163,7.01508242721852e-05,2.0,0.10919282121917692
3085,81308.0,4136.0,Rotterdam,896.0,3085.0,13905.0,0.4904710535778497,0.5095289464221503,0.18338727076591155,0.1136281912980942,0.296655879180151,0.23768428622797555,0.16864437252786768,0.9956850053937433,0.000719165767709457,0.003595828838547285,0.5052139518158936,0.5039145907473309,0.17508896797153026,0.13950177935943062,0.17153024911032028,1.9,6830.0,0.0,0.7108345534407028,0.024158125915080528,0.02342606149341142,0.013177159590043924,0.1061493411420205,0.10322108345534407,0.018301610541727673,0.7730600292825769,20.0,80.0,0.6515373352855052,0.03587115666178624,150.0,0.1603739661992089,0.19122617763394462,7.191657677094571e-05,2.0,0.12899965462574664
3028,78277.0,3982.0,Rotterdam,849.0,3028.0,7795.0,0.5349583066067992,0.4650416933932008,0.1404746632456703,0.13598460551635663,0.3887107119948685,0.22386144964720975,0.11096856959589481,0.9923027581783195,0.0025657472738935213,0.005131494547787043,0.5651058370750481,0.5527809307604994,0.1952326901248581,0.09648127128263337,0.13847900113507378,1.8,4045.0,0.4783683559950556,0.36341161928306553,0.0,0.0,0.103831891223733,0.03955500618046971,0.016069221260815822,0.0,0.9357231149567367,40.0,60.0,0.22373300370828184,0.05067985166872682,129.0,0.11930724823604875,0.46850545221295703,0.0001282873636946761,3.0,0.2724968459904383
3122,74074.0,3768.0,Schiedam,911.0,3122.0,9410.0,0.4569606801275239,0.5425079702444209,0.16790648246546228,0.10573857598299681,0.2561105207226355,0.2252922422954304,0.24442082890541977,0.9946865037194474,0.0010626992561105207,0.004250797024442083,0.5010626992561105,0.44750795334040294,0.2301166489925769,0.1474019088016967,0.16755037115588547,2.0,4785.0,0.0,0.0522466039707419,0.812957157784744,0.011494252873563218,0.0,0.05642633228840126,0.05747126436781609,0.009404388714733543,0.9310344827586207,30.0,70.0,0.5747126436781609,0.04075235109717868,157.0,0.1099893730074389,0.3242295430393199,0.00010626992561105207,2.0,0.24839246353809796
3231,72265.0,3676.0,Voorne aan Zee,968.0,3231.0,3935.0,0.49301143583227447,0.5069885641677255,0.1181702668360864,0.09275730622617535,0.22617534942820838,0.33163913595933925,0.2312579415501906,0.9974587039390089,0.0025412960609911056,0.0,0.4891994917407878,0.4025974025974026,0.3246753246753247,0.05714285714285714,0.21558441558441557,2.0,2130.0,0.37089201877934275,0.13380281690140844,0.03051643192488263,0.05868544600938967,0.07276995305164319,0.1572769953051643,0.11502347417840375,0.06103286384976526,0.29577464788732394,60.0,40.0,0.15258215962441316,0.15023474178403756,270.0,0.053367217280813214,0.26632782719186787,0.0007623888182973316,1.0,1.0589733217745354
3021,71824.0,3654.0,Rotterdam,842.0,3021.0,12020.0,0.502495840266223,0.49750415973377704,0.1326955074875208,0.15640599001663893,0.3951747088186356,0.22920133111480864,0.08693843594009984,0.9950083194675541,0.0016638935108153079,0.0033277870216306157,0.5574043261231281,0.5664179104477612,0.18880597014925374,0.08208955223880597,0.14925373134328357,1.8,5695.0,0.7260755048287972,0.030728709394205442,0.0026338893766461808,0.001755926251097454,0.1202809482001756,0.08604038630377524,0.0324846356453029,0.0,0.9394205443371378,30.0,70.0,0.35645302897278314,0.06233538191395961,251.0,0.09983361064891846,0.5742928452579035,8.319467554076539e-05,3.0,0.34224410289336776
3013,71142.0,3619.0,Rotterdam,838.0,3013.0,1030.0,0.558252427184466,0.441747572815534,0.0825242718446602,0.13592233009708737,0.4854368932038835,0.1941747572815534,0.10679611650485436,0.941747572815534,0.019417475728155338,0.038834951456310676,0.6310679611650486,0.5846153846153846,0.24615384615384617,0.046153846153846156,0.1,1.6,605.0,0.0,0.0,0.0,0.6694214876033058,0.32231404958677684,0.0,0.0,0.0,1.0,50.0,50.0,0.049586776859504134,0.0743801652892562,305.0,0.03398058252427184,6.862135922330097,0.000970873786407767,3.0,1.3558624181819927
3244,69747.0,3548.0,Goeree-Overflakkee,977.0,3244.0,2415.0,0.4927536231884058,0.5072463768115942,0.16977225672877846,0.10973084886128365,0.20910973084886128,0.3022774327122153,0.20910973084886128,1.0,0.0,0.0,0.42028985507246375,0.29064039408866993,0.3645320197044335,0.04926108374384237,0.30049261083743845,2.4,1030.0,0.2815533980582524,0.21844660194174756,0.21359223300970873,0.0970873786407767,0.07766990291262135,0.038834951456310676,0.02912621359223301,0.04854368932038835,0.07281553398058252,60.0,40.0,0.3155339805825243,0.03398058252427184,231.0,0.051759834368530024,0.10600414078674948,0.002070393374741201,1.0,1.035264860046778
3036,69629.0,3542.0,Rotterdam,856.0,3036.0,7960.0,0.5006281407035176,0.4993718592964824,0.16896984924623115,0.14007537688442212,0.35050251256281406,0.24309045226130654,0.09736180904522614,0.9912060301507538,0.001256281407035176,0.007537688442211055,0.4937185929648241,0.49236641221374045,0.1743002544529262,0.12595419847328243,0.1946564885496183,2.0,3775.0,0.5735099337748344,0.030463576158940398,0.0,0.08874172185430464,0.1947019867549669,0.04370860927152318,0.03708609271523179,0.033112582781456956,0.9231788079470199,20.0,80.0,0.6423841059602649,0.06622516556291391,214.0,0.1658291457286432,0.8081658291457287,0.0001256281407035176,2.0,0.2086752362609291
3063,69334.0,3527.0,Rotterdam,876.0,3063.0,10225.0,0.48557457212713934,0.5139364303178484,0.06845965770171149,0.26748166259168704,0.32078239608801956,0.18386308068459659,0.15892420537897312,0.9951100244498777,0.0019559902200488996,0.00293398533007335,0.6831295843520783,0.6793128131710809,0.20042949176807445,0.047959914101646385,0.06156048675733715,1.5,5805.0,0.11800172265288544,0.030146425495262703,0.059431524547803614,0.21791559000861327,0.4926787252368648,0.06546080964685616,0.008613264427217916,0.008613264427217916,0.9801894918173988,30.0,60.0,0.37209302325581395,0.06459948320413436,241.0,0.07481662591687041,0.3452322738386308,9.779951100244499e-05,3.0,0.3364210039136508
3034,68256.0,3472.0,Rotterdam,854.0,3034.0,11595.0,0.4885726606295817,0.5114273393704183,0.18283742992669255,0.14359637774902975,0.3216903837861147,0.22423458387235878,0.12764122466580421,0.9948253557567918,0.0008624407072013799,0.004312203536006899,0.49417852522639066,0.5043630017452007,0.16841186736474695,0.1273996509598604,0.18673647469458987,2.0,5760.0,0.3038194444444444,0.0078125,0.041666666666666664,0.2638888888888889,0.21614583333333334,0.04600694444444445,0.08680555555555555,0.034722222222222224,0.9418402777777778,10.0,90.0,0.7769097222222222,0.06076388888888889,219.0,0.16903837861147047,0.5185855972401897,8.6244070720138e-05,2.0,0.13242558303734453
3245,63922.0,3252.0,Goeree-Overflakkee,978.0,3245.0,7215.0,0.48440748440748443,0.5155925155925156,0.15592515592515593,0.11850311850311851,0.20097020097020096,0.2834372834372834,0.24047124047124047,1.0,0.0,0.0,0.42411642411642414,0.3349673202614379,0.32679738562091504,0.058823529411764705,0.2777777777777778,2.3,3250.0,0.18615384615384614,0.08307692307692308,0.08307692307692308,0.23384615384615384,0.13384615384615384,0.13692307692307693,0.12923076923076923,0.013846153846153847,0.2276923076923077,60.0,40.0,0.33384615384615385,0.036923076923076927,218.0,0.060291060291060294,0.17616077616077616,0.0004158004158004158,1.0,0.6177676923399301
3214,63816.0,3246.0,Nissewaard,959.0,3214.0,5740.0,0.49738675958188155,0.5026132404181185,0.16114982578397213,0.11846689895470383,0.22038327526132404,0.2813588850174216,0.2186411149825784,1.0,0.0,0.0,0.4163763066202091,0.26778242677824265,0.34309623430962344,0.06694560669456066,0.3179916317991632,2.4,2560.0,0.115234375,0.095703125,0.19140625,0.16796875,0.091796875,0.13671875,0.107421875,0.095703125,0.115234375,70.0,30.0,0.216796875,0.046875,261.0,0.03832752613240418,0.1273519163763066,0.0006968641114982578,4.0,1.1372196510148715
3022,63595.0,3235.0,Rotterdam,843.0,3022.0,10085.0,0.5066931085770947,0.4933068914229053,0.16906296479920674,0.1576598909271195,0.3579573624194348,0.2226078334159643,0.0932077342588002,0.9940505701536936,0.0009915716410510659,0.00495785820525533,0.4898363906792266,0.4949392712550607,0.18218623481781376,0.10526315789473684,0.201417004048583,2.0,4390.0,0.8633257403189066,0.0,0.0,0.010250569476082005,0.06150341685649203,0.04328018223234624,0.02050113895216401,0.0,0.9772209567198178,30.0,70.0,0.4521640091116173,0.05466970387243736,224.0,0.1279127416955875,0.5984134853743183,9.915716410510659e-05,2.0,0.30471484810275884
3112,63291.0,3220.0,Schiedam,902.0,3112.0,11065.0,0.5268865793041121,0.4731134206958879,0.1518300948938093,0.13782196113872572,0.359240849525531,0.24356077722548578,0.10799819249887031,0.9936737460460913,0.0027112516945323093,0.0036150022593764122,0.5255309534568459,0.5055889939810834,0.19862424763542563,0.0997420464316423,0.18486672398968185,1.9,5270.0,0.5977229601518027,0.13282732447817835,0.0,0.011385199240986717,0.1318785578747628,0.08159392789373814,0.030360531309297913,0.014231499051233396,0.8472485768500949,40.0,50.0,0.2239089184060721,0.08064516129032258,152.0,0.0867600542250339,0.39593312245820156,9.03750564844103e-05,2.0,0.3031374002534003
3081,63207.0,3215.0,Rotterdam,892.0,3081.0,12605.0,0.5204284014280047,0.4795715985719952,0.17691392304641015,0.15708052360174535,0.3772312574375248,0.22134073780245933,0.06703689012296708,0.9936533121777072,0.0015866719555731853,0.004760015866719556,0.5136850456168187,0.5096525096525096,0.16833976833976835,0.13127413127413126,0.17683397683397684,1.9,5985.0,0.7986633249791144,0.0860484544695071,0.0,0.0,0.04928989139515455,0.04845446950710108,0.015037593984962405,0.002506265664160401,0.9139515455304928,20.0,80.0,0.3208020050125313,0.07017543859649122,123.0,0.1293137643792146,0.4612455374851249,7.933359777865926e-05,2.0,0.09138164706193275
3082,62912.0,3200.0,Rotterdam,893.0,3082.0,11990.0,0.5162635529608006,0.4837364470391993,0.1597164303586322,0.1451209341117598,0.3694745621351126,0.2335279399499583,0.09216013344453712,0.9949958298582152,0.0016680567139282735,0.003336113427856547,0.5150125104253545,0.5004048582995951,0.19838056680161945,0.11012145748987855,0.1757085020242915,1.9,5965.0,0.6211232187761945,0.16512992455993294,0.012573344509639563,0.030176026823134954,0.05951383067896061,0.07795473595976529,0.020117351215423303,0.013411567476948869,0.8784576697401508,30.0,60.0,0.32523051131601005,0.08968985750209556,141.0,0.12301918265221018,0.30625521267723105,8.340283569641368e-05,2.0,0.21016730558410524
3224,62460.0,3177.0,Voorne aan Zee,965.0,3224.0,8305.0,0.5015051173991572,0.49849488260084285,0.1583383503913305,0.09452137266706803,0.24683925346177002,0.2679108970499699,0.23239012642986154,0.9975918121613486,0.0012040939193257074,0.0012040939193257074,0.46718844069837445,0.36597938144329895,0.3079896907216495,0.07989690721649484,0.24355670103092783,2.1,3880.0,0.01288659793814433,0.027061855670103094,0.001288659793814433,0.836340206185567,0.03221649484536082,0.055412371134020616,0.011597938144329897,0.02190721649484536,0.3170103092783505,70.0,30.0,0.27835051546391754,0.024484536082474227,193.0,0.07645996387718242,0.2299819385912101,0.00024081878386514148,1.0,0.6544950136765372
3074,62216.0,3165.0,Rotterdam,886.0,3074.0,12050.0,0.5058091286307054,0.4941908713692946,0.1975103734439834,0.15518672199170125,0.33402489626556015,0.22489626556016598,0.08879668049792531,0.9933609958506224,0.0008298755186721991,0.005809128630705394,0.45103734439834026,0.44434222631094755,0.16743330266789327,0.13247470101195952,0.23459061637534498,2.2,5140.0,0.7091439688715954,0.0,0.0,0.0,0.11770428015564202,0.08754863813229571,0.07879377431906615,0.006809338521400778,0.9124513618677043,30.0,70.0,0.4776264591439689,0.07782101167315175,138.0,0.14190871369294605,0.3956846473029046,8.298755186721991e-05,2.0,0.1886895350472893
3086,62194.0,3164.0,Rotterdam,897.0,3086.0,12240.0,0.5020424836601307,0.4979575163398693,0.20465686274509803,0.12826797385620914,0.30514705882352944,0.2361111111111111,0.12540849673202614,0.994281045751634,0.0008169934640522876,0.004901960784313725,0.4616013071895425,0.4557522123893805,0.15752212389380532,0.14424778761061946,0.22654867256637168,2.1,5605.0,0.0,0.6851025869759143,0.024977698483496878,0.03568242640499554,0.0,0.09991079393398751,0.12756467439785907,0.025869759143621766,0.72078501338091,30.0,70.0,0.56021409455843,0.057091882247992866,149.0,0.15155228758169934,0.21356209150326796,8.169934640522875e-05,2.0,0.1967667058064117
3132,61722.0,3140.0,Vlaardingen,916.0,3132.0,12560.0,0.5011942675159236,0.49920382165605093,0.17197452229299362,0.11942675159235669,0.29378980891719747,0.25398089171974525,0.16122611464968153,0.9968152866242038,0.0007961783439490446,0.0023885350318471337,0.4820859872611465,0.435177539223782,0.2295623451692816,0.10487200660611065,0.22213047068538397,2.1,6185.0,0.004850444624090542,0.7429264349232013,0.09539207760711399,0.01131770412287793,0.0,0.06790622473726758,0.04284559417946645,0.034761519805982216,0.7526273241713823,40.0,60.0,0.4874696847210994,0.06709781729991916,161.0,0.11186305732484077,0.16568471337579618,0.0001592356687898089,2.0,0.33223019833858164
2995,61396.0,3123.0,Zwijndrecht,835.0,2995.0,3785.0,0.4914134742404227,0.5085865257595773,0.1453104359313078,0.11492734478203434,0.2166446499339498,0.3011889035667107,0.22192866578599735,1.0,0.0,0.0,0.4425363276089828,0.3044776119402985,0.3164179104477612,0.08358208955223881,0.2955223880597015,2.3,1690.0,0.09467455621301775,0.34023668639053256,0.1242603550295858,0.1301775147928994,0.08579881656804733,0.14497041420118342,0.026627218934911243,0.05029585798816568,0.1863905325443787,70.0,30.0,0.3165680473372781,0.020710059171597635,279.0,0.052840158520475564,0.13870541611624834,0.0010568031704095112,1.0,1.1450643259116522
3191,60994.0,3103.0,Rotterdam,939.0,3191.0,9855.0,0.49365804160324706,0.5063419583967529,0.14510400811770674,0.1111111111111111,0.228310502283105,0.3145611364789447,0.20040588533739218,0.9969558599695586,0.0010147133434804667,0.0020294266869609334,0.4530695078640284,0.3393057110862262,0.29227323628219487,0.08286674132138858,0.2799552071668533,2.2,4300.0,0.023255813953488372,0.047674418604651166,0.16744186046511628,0.4697674418604651,0.2593023255813954,0.0,0.03255813953488372,0.0,0.28255813953488373,60.0,40.0,0.34418604651162793,0.013953488372093023,200.0,0.0806697108066971,0.2450532724505327,0.00020294266869609335,1.0,0.5751199116866302
3012,60224.0,3064.0,Rotterdam,837.0,3012.0,5665.0,0.4960282436010591,0.5039717563989409,0.08120035304501325,0.14651368049426303,0.46866725507502205,0.17475728155339806,0.12886142983230361,0.9894086496028244,0.00353045013239188,0.00706090026478376,0.6231244483671668,0.6274787535410765,0.2237960339943343,0.05099150141643059,0.08498583569405099,1.5,3665.0,0.2646657571623465,0.3369713506139154,0.027285129604365622,0.13096862210095497,0.09822646657571624,0.0,0.1364256480218281,0.004092769440654843,0.9890859481582538,20.0,80.0,0.29058663028649384,0.14188267394270124,261.0,0.06707855251544571,1.1350397175639895,0.000176522506619594,3.0,0.6726875701676092
3181,59732.0,3039.0,Rotterdam,938.0,3181.0,12515.0,0.4922093487814622,0.5077906512185377,0.1546144626448262,0.1122652816620056,0.2245305633240112,0.28725529364762287,0.22133439872153415,0.9984019176987615,0.0007990411506192569,0.0007990411506192569,0.45705153815421495,0.34003496503496505,0.3111888111888112,0.09353146853146853,0.2508741258741259,2.2,5825.0,0.015450643776824034,0.18369098712446352,0.4515021459227468,0.16995708154506436,0.10128755364806867,0.010300429184549357,0.061802575107296136,0.0068669527896995704,0.33991416309012873,60.0,40.0,0.4051502145922747,0.039484978540772535,181.0,0.07351178585697163,0.09660407510986815,0.00023971234518577707,1.0,0.5622562888713662
3027,59567.0,3030.0,Rotterdam,848.0,3027.0,10440.0,0.49808429118773945,0.5019157088122606,0.20402298850574713,0.1532567049808429,0.32567049808429116,0.23419540229885058,0.08333333333333333,0.9923371647509579,0.0009578544061302681,0.006704980842911878,0.4363026819923372,0.41602634467618005,0.16465422612513722,0.1437980241492865,0.2601536772777168,2.3,4200.0,0.7047619047619048,0.03214285714285714,0.0,0.009523809523809525,0.039285714285714285,0.09761904761904762,0.08333333333333333,0.034523809523809526,0.9452380952380952,30.0,70.0,0.6035714285714285,0.03333333333333333,162.0,0.13984674329501914,0.46915708812260537,9.578544061302682e-05,2.0,0.2171329872175698
3206,57728.0,2937.0,Nissewaard,953.0,3206.0,10185.0,0.4953362788414335,0.5046637211585665,0.1875306823760432,0.11389297987236131,0.2709867452135493,0.2935689739813451,0.13402061855670103,0.9960726558664703,0.0009818360333824251,0.0029455081001472753,0.4482081492390771,0.33953997809419495,0.24315443592552027,0.14676889375684557,0.2661555312157722,2.2,4535.0,0.0,0.0,0.0,0.8996692392502756,0.03307607497243661,0.04299889746416759,0.024255788313120176,0.0,0.35942668136714445,50.0,50.0,0.4619625137816979,0.018743109151047408,164.0,0.11929307805596466,0.2341678939617084,0.00019636720667648503,2.0,0.4228928304701661
3053,57303.0,2915.0,Rotterdam,869.0,3053.0,10455.0,0.4701099952175992,0.5298900047824008,0.2065997130559541,0.09182209469153516,0.25203252032520324,0.26398852223816355,0.18507890961262555,0.9971305595408895,0.0009564801530368245,0.001912960306073649,0.4801530368244859,0.4591633466135458,0.19322709163346613,0.10856573705179283,0.2350597609561753,2.1,5215.0,0.16586768935762225,0.47171620325982744,0.09108341323106424,0.023010546500479387,0.07574304889741132,0.06423777564717162,0.09683604985618409,0.012464046021093002,0.6203259827420902,40.0,60.0,0.48705656759348037,0.052732502396931925,266.0,0.09708273553323768,0.23079866092778575,0.0001912960306073649,2.0,0.44278188346529784
3264,56428.0,2871.0,Hoeksche Waard,992.0,3264.0,4100.0,0.5085365853658537,0.49146341463414633,0.21097560975609755,0.1402439024390244,0.2073170731707317,0.25365853658536586,0.18902439024390244,1.0,0.0,0.0,0.37073170731707317,0.23684210526315788,0.3190789473684211,0.05263157894736842,0.39144736842105265,2.7,1535.0,0.14332247557003258,0.08794788273615635,0.32247557003257327,0.09446254071661238,0.08143322475570032,0.1465798045602606,0.06840390879478828,0.05537459283387622,0.08469055374592833,80.0,20.0,0.16938110749185667,0.029315960912052116,268.0,0.03048780487804878,0.1124390243902439,0.0012195121951219512,4.0,1.2121728554754543
3038,56423.0,2870.0,Rotterdam,858.0,3038.0,8080.0,0.49876237623762376,0.5012376237623762,0.08477722772277228,0.14108910891089108,0.5488861386138614,0.15532178217821782,0.06992574257425743,0.9938118811881188,0.0024752475247524753,0.0037128712871287127,0.6485148514851485,0.6240458015267175,0.2299618320610687,0.05629770992366412,0.07729007633587787,1.5,4805.0,0.8449531737773153,0.09053069719042664,0.0,0.0,0.0,0.06451612903225806,0.0,0.0,0.9989594172736732,30.0,70.0,0.2060353798126951,0.047866805411030174,216.0,0.0952970297029703,0.7311881188118812,0.00012376237623762376,3.0,0.32211645546799755
3151,56350.0,2867.0,Rotterdam,930.0,3151.0,10370.0,0.4918032786885246,0.5081967213114754,0.14705882352941177,0.10318225650916105,0.21697203471552556,0.29026036644165865,0.24300867888138863,0.9980713596914176,0.0009643201542912247,0.0009643201542912247,0.46576663452266154,0.36542443064182195,0.30434782608695654,0.07763975155279502,0.2515527950310559,2.1,5765.0,0.07805724197745013,0.2341717259323504,0.19861231569817867,0.04856895056374675,0.22810060711188204,0.060711188204683436,0.10754553339115351,0.04423243712055507,0.25585429314830876,40.0,60.0,0.35299219427580225,0.19080659150043366,260.0,0.0699132111861138,0.09836065573770492,0.0002892960462873674,1.0,0.49909164428442443
3208,56229.0,2860.0,Nissewaard,955.0,3208.0,5990.0,0.4707846410684474,0.5283806343906511,0.13939899833055092,0.09348914858096828,0.23205342237061768,0.31719532554257096,0.21786310517529214,0.996661101836394,0.001669449081803005,0.001669449081803005,0.4674457429048414,0.3339285714285714,0.3375,0.075,0.25357142857142856,2.1,2790.0,0.0035842293906810036,0.0017921146953405018,0.0,0.589605734767025,0.3978494623655914,0.0017921146953405018,0.0035842293906810036,0.0,0.16666666666666666,60.0,40.0,0.4050179211469534,0.010752688172043012,185.0,0.09432387312186978,0.2904841402337229,0.000333889816360601,1.0,0.582489451001597
3121,56042.0,2851.0,Schiedam,910.0,3121.0,3530.0,0.4730878186968839,0.5269121813031161,0.15439093484419264,0.10056657223796034,0.18980169971671387,0.2847025495750708,0.2705382436260623,0.9943342776203966,0.0028328611898017,0.0028328611898017,0.443342776203966,0.31309904153354634,0.3258785942492013,0.06070287539936102,0.2971246006389776,2.3,1565.0,0.05750798722044728,0.4440894568690096,0.07348242811501597,0.23961661341853036,0.03194888178913738,0.04472843450479233,0.04792332268370607,0.06070287539936102,0.19488817891373802,70.0,30.0,0.268370607028754,0.022364217252396165,285.0,0.04107648725212465,0.6818696883852691,0.0005665722379603399,4.0,1.1571487725411556
3023,55296.0,2813.0,Rotterdam,844.0,3023.0,9445.0,0.49867654843832715,0.5013234515616728,0.16146109052408683,0.16887241926945473,0.3181577554261514,0.24457384859714135,0.1069348861831657,0.9925886712546321,0.0010587612493382743,0.006352567496029645,0.5039703546850185,0.5199579831932774,0.17331932773109243,0.11554621848739496,0.17752100840336135,2.0,4125.0,0.7357575757575757,0.008484848484848486,0.0,0.0036363636363636364,0.06424242424242424,0.1503030303030303,0.03393939393939394,0.0036363636363636364,0.9515151515151515,30.0,70.0,0.48484848484848486,0.05696969696969697,235.0,0.13605082053996823,0.7814716781365803,0.00010587612493382742,2.0,0.3134038181442384
3218,55294.0,2813.0,Nissewaard,961.0,3218.0,2510.0,0.5179282868525896,0.4820717131474104,0.1294820717131474,0.11752988047808766,0.21314741035856574,0.3107569721115538,0.2290836653386454,0.9960159362549801,0.00398406374501992,0.0,0.4362549800796813,0.2694063926940639,0.3607305936073059,0.0639269406392694,0.3059360730593607,2.3,1105.0,0.09502262443438914,0.09954751131221719,0.583710407239819,0.03619909502262444,0.07692307692307693,0.013574660633484163,0.049773755656108594,0.04524886877828054,0.04072398190045249,80.0,20.0,0.19457013574660634,0.027149321266968326,230.0,0.0398406374501992,0.1661354581673307,0.00199203187250996,4.0,1.189828107761079
3026,54945.0,2795.0,Rotterdam,847.0,3026.0,7365.0,0.5071283095723014,0.49287169042769857,0.1710794297352342,0.14867617107942974,0.3292600135777325,0.23150033944331297,0.11948404616429056,0.9904955872369314,0.0013577732518669382,0.008146639511201629,0.5098438560760353,0.525965379494008,0.16245006657789615,0.12649800266311584,0.17177097203728361,1.9,3490.0,0.5128939828080229,0.26504297994269344,0.004297994269340974,0.0,0.07020057306590258,0.04727793696275072,0.08882521489971347,0.012893982808022923,0.9914040114613181,10.0,90.0,0.6088825214899714,0.05300859598853868,153.0,0.18194161575016973,0.8841819416157501,0.00013577732518669383,2.0,0.04655885942786894
3248,53710.0,2732.0,Goeree-Overflakkee,980.0,3248.0,2155.0,0.5034802784222738,0.4965197215777262,0.16473317865429235,0.12296983758700696,0.21345707656612528,0.3109048723897912,0.18561484918793503,0.9953596287703016,0.004640371229698376,0.0,0.41531322505800466,0.2681564245810056,0.35195530726256985,0.061452513966480445,0.3128491620111732,2.4,920.0,0.30434782608695654,0.14130434782608695,0.1956521739130435,0.09239130434782608,0.05434782608695652,0.08152173913043478,0.13043478260869565,0.010869565217391304,0.07608695652173914,70.0,30.0,0.24456521739130435,0.04891304347826087,230.0,0.05568445475638051,0.14106728538283062,0.002320185614849188,1.0,1.106300141337118
3274,52810.0,2687.0,Hoeksche Waard,997.0,3274.0,3580.0,0.5041899441340782,0.49441340782122906,0.16201117318435754,0.10335195530726257,0.22206703910614525,0.3268156424581006,0.1857541899441341,0.9972067039106145,0.0,0.002793296089385475,0.43435754189944137,0.2797427652733119,0.3504823151125402,0.06752411575562701,0.2990353697749196,2.3,1545.0,0.21359223300970873,0.13915857605177995,0.2524271844660194,0.11974110032362459,0.0970873786407767,0.05177993527508091,0.10032362459546926,0.02912621359223301,0.07119741100323625,70.0,30.0,0.2168284789644013,0.02912621359223301,263.0,0.05027932960893855,0.07905027932960894,0.0013966480446927375,1.0,1.145146861711988
3042,52300.0,2661.0,Rotterdam,861.0,3042.0,8055.0,0.4897579143389199,0.5102420856610801,0.19428926132836746,0.09807572936064556,0.2861576660459342,0.23153320918684048,0.18994413407821228,0.9925512104283054,0.0012414649286157666,0.006207324643078833,0.4823091247672253,0.4749034749034749,0.1866151866151866,0.10810810810810811,0.22136422136422138,2.0,3965.0,0.05548549810844893,0.6040353089533418,0.03656998738965952,0.0,0.10592686002522068,0.06431273644388398,0.08575031525851198,0.04665825977301387,0.7919293820933165,30.0,70.0,0.6090794451450189,0.05548549810844893,182.0,0.12352576039726877,0.2398510242085661,0.00024829298572315333,2.0,0.2549830576783712
3142,52018.0,2646.0,Maassluis,924.0,3142.0,5565.0,0.47619047619047616,0.5238095238095238,0.16711590296495957,0.09883198562443846,0.22551662174303683,0.25336927223719674,0.2551662174303684,0.9946091644204852,0.0017969451931716084,0.0035938903863432167,0.4591194968553459,0.34442270058708413,0.31898238747553814,0.10176125244618395,0.22896281800391388,2.2,2565.0,0.13060428849902533,0.01949317738791423,0.442495126705653,0.19103313840155944,0.1793372319688109,0.03313840155945419,0.005847953216374269,0.0,0.5009746588693957,30.0,70.0,0.6159844054580896,0.029239766081871343,216.0,0.09703504043126684,0.4323450134770889,0.00035938903863432165,2.0,0.373506569472021
3284,51604.0,2625.0,Hoeksche Waard,999.0,3284.0,3580.0,0.49022346368715086,0.5083798882681564,0.12988826815642457,0.09916201117318436,0.20810055865921787,0.3198324022346369,0.2430167597765363,0.9972067039106145,0.002793296089385475,0.0,0.4483240223463687,0.29906542056074764,0.37383177570093457,0.04361370716510903,0.2803738317757009,2.2,1615.0,0.21052631578947367,0.13312693498452013,0.22291021671826625,0.14551083591331268,0.06501547987616099,0.10526315789473684,0.058823529411764705,0.058823529411764705,0.07120743034055728,70.0,30.0,0.2043343653250774,0.02786377708978328,255.0,0.05446927374301676,0.09497206703910614,0.0013966480446927375,1.0,1.1485160839794506
3119,50900.0,2589.0,Schiedam,909.0,3119.0,9940.0,0.4894366197183099,0.5105633802816901,0.1805835010060362,0.13078470824949698,0.27565392354124746,0.24748490945674045,0.16498993963782696,0.9929577464788732,0.001006036217303823,0.006036217303822937,0.46177062374245476,0.43681917211328974,0.2047930283224401,0.10784313725490197,0.238562091503268,2.1,4690.0,0.023454157782515993,0.4968017057569296,0.20362473347547974,0.015991471215351813,0.04051172707889126,0.13752665245202558,0.03837953091684435,0.04477611940298507,0.8272921108742004,30.0,70.0,0.5085287846481876,0.08102345415778252,162.0,0.11971830985915492,0.3631790744466801,0.00010060362173038229,2.0,0.24013117081991284
3205,50578.0,2573.0,Nissewaard,952.0,3205.0,8405.0,0.5032718619869125,0.49732302201070794,0.1802498512790006,0.11838191552647234,0.27007733491969066,0.2629387269482451,0.16894705532421178,0.9964306960142773,0.001189767995240928,0.002379535990481856,0.41582391433670435,0.2703862660944206,0.30472103004291845,0.10157367668097282,0.32045779685264664,2.4,3455.0,0.001447178002894356,0.0,0.16063675832127353,0.8234442836468886,0.005788712011577424,0.001447178002894356,0.005788712011577424,0.0,0.1577424023154848,70.0,30.0,0.24891461649782923,0.015918958031837915,193.0,0.07555026769779893,0.2956573468173706,0.0002379535990481856,1.0,0.6526179560288278
3251,50244.0,2556.0,Goeree-Overflakkee,982.0,3251.0,3495.0,0.49213161659513593,0.5092989985693849,0.15021459227467812,0.11587982832618025,0.22317596566523606,0.2875536480686695,0.22317596566523606,1.0,0.0,0.0,0.43490701001430615,0.3092105263157895,0.3519736842105263,0.046052631578947366,0.2894736842105263,2.3,1560.0,0.09935897435897435,0.23076923076923078,0.1762820512820513,0.1762820512820513,0.08012820512820513,0.09935897435897435,0.10897435897435898,0.028846153846153848,0.09615384615384616,60.0,40.0,0.33653846153846156,0.03205128205128205,231.0,0.05293276108726753,0.1513590844062947,0.0011444921316165952,1.0,1.0264899532206382
3025,49904.0,2539.0,Rotterdam,846.0,3025.0,7145.0,0.509447165850245,0.4905528341497551,0.16445066480055984,0.1609517144856543,0.3086074177746676,0.258222533240028,0.10776766969909027,0.9888033589923023,0.0013995801259622112,0.00979706088173548,0.48775367389783064,0.4964131994261119,0.1606886657101865,0.13055954088952654,0.1994261119081779,2.0,3205.0,0.5475819032761311,0.0811232449297972,0.0,0.0421216848673947,0.1372854914196568,0.11700468018720749,0.0748829953198128,0.0,0.9235569422776911,20.0,80.0,0.6333853354134166,0.0483619344773791,165.0,0.17844646606018194,0.7741077676696991,0.00013995801259622114,2.0,0.13962630694492326
3202,47969.0,2440.0,Nissewaard,949.0,3202.0,7135.0,0.4940434477925718,0.5059565522074282,0.15837421163279608,0.10932025227750526,0.2887175893482831,0.24807288016818502,0.19551506657323056,0.9957953749124037,0.001401541695865452,0.002803083391730904,0.5101611772950245,0.4491758241758242,0.25137362637362637,0.11813186813186813,0.17857142857142858,1.9,3700.0,0.024324324324324326,0.6783783783783783,0.11216216216216217,0.0013513513513513514,0.0013513513513513514,0.024324324324324326,0.15945945945945947,0.0,0.5945945945945946,50.0,50.0,0.3581081081081081,0.041891891891891894,161.0,0.09460406447091801,0.23742116327960758,0.0002803083391730904,2.0,0.42399221811450577
3273,46932.0,2387.0,Hoeksche Waard,996.0,3273.0,2065.0,0.4915254237288136,0.5084745762711864,0.13559322033898305,0.1089588377723971,0.18159806295399517,0.324455205811138,0.24939467312348668,0.9951573849878934,0.004842615012106538,0.0,0.44552058111380144,0.2826086956521739,0.3695652173913043,0.07608695652173914,0.266304347826087,2.2,940.0,0.13297872340425532,0.11702127659574468,0.3882978723404255,0.13297872340425532,0.09574468085106383,0.026595744680851064,0.07446808510638298,0.031914893617021274,0.03723404255319149,80.0,20.0,0.20212765957446807,0.0425531914893617,271.0,0.04116222760290557,0.1685230024213075,0.002421307506053269,4.0,1.246894468704168
3134,46800.0,2381.0,Vlaardingen,918.0,3134.0,7405.0,0.511816340310601,0.48818365968939903,0.15462525320729237,0.11951384199864956,0.27683997299122215,0.3106009453072249,0.13909520594193112,0.9959486833220796,0.0013504388926401081,0.0027008777852802163,0.462525320729237,0.4043795620437956,0.25255474452554744,0.09635036496350365,0.24087591240875914,2.1,3475.0,0.48201438848920863,0.0618705035971223,0.0,0.18273381294964028,0.1410071942446043,0.031654676258992806,0.051798561151079135,0.04892086330935252,0.5597122302158274,60.0,40.0,0.3122302158273381,0.04892086330935252,220.0,0.09453072248480757,0.4334908845374747,0.0001350438892640108,1.0,0.5772657983328818
3024,46059.0,2343.0,Rotterdam,845.0,3024.0,9280.0,0.5231681034482759,0.47683189655172414,0.12015086206896551,0.15086206896551724,0.40247844827586204,0.2273706896551724,0.09859913793103449,0.9946120689655172,0.0010775862068965517,0.004310344827586207,0.5598060344827587,0.5553416746871992,0.2329162656400385,0.08854667949951876,0.11357074109720885,1.7,4720.0,0.4915254237288136,0.05296610169491525,0.05508474576271186,0.037076271186440676,0.10699152542372882,0.05614406779661017,0.19491525423728814,0.005296610169491525,0.9788135593220338,30.0,70.0,0.4766949152542373,0.06038135593220339,223.0,0.1271551724137931,0.47543103448275864,0.00010775862068965517,3.0,0.3325351857509699
3043,45317.0,2305.0,Rotterdam,862.0,3043.0,7215.0,0.5107415107415108,0.48925848925848925,0.15661815661815662,0.10464310464310464,0.2785862785862786,0.2945252945252945,0.16562716562716562,0.9958419958419958,0.001386001386001386,0.002772002772002772,0.48094248094248093,0.3904899135446686,0.2665706051873199,0.0893371757925072,0.24495677233429394,2.1,3460.0,0.5317919075144508,0.2904624277456647,0.001445086705202312,0.0476878612716763,0.05491329479768786,0.05491329479768786,0.001445086705202312,0.015895953757225433,0.5187861271676301,60.0,40.0,0.25578034682080925,0.05635838150289017,220.0,0.07553707553707553,0.2462924462924463,0.0002772002772002772,1.0,0.5855364264050478
3234,42433.0,2159.0,Voorne aan Zee,971.0,3234.0,560.0,0.5089285714285714,0.49107142857142855,0.125,0.13392857142857142,0.17857142857142858,0.39285714285714285,0.17857142857142858,0.9821428571428571,0.017857142857142856,0.0,0.4017857142857143,0.2,0.35555555555555557,0.044444444444444446,0.37777777777777777,2.5,225.0,0.4666666666666667,0.13333333333333333,0.06666666666666667,0.1111111111111111,0.08888888888888889,0.08888888888888889,0.022222222222222223,0.022222222222222223,0.0,80.0,20.0,0.0,0.06666666666666667,365.0,0.017857142857142856,0.19107142857142856,0.008928571428571428,5.0,1.7443406962829104
3194,42418.0,2158.0,Rotterdam,942.0,3194.0,6570.0,0.5098934550989346,0.4893455098934551,0.17275494672754946,0.1248097412480974,0.2838660578386606,0.2990867579908676,0.11948249619482496,0.9923896499238964,0.0015220700152207,0.0060882800608828,0.426179604261796,0.32857142857142857,0.24107142857142858,0.125,0.2982142857142857,2.3,2745.0,0.009107468123861567,0.3788706739526412,0.0018214936247723133,0.0,0.04189435336976321,0.4790528233151184,0.04189435336976321,0.04918032786885246,0.2568306010928962,60.0,40.0,0.28051001821493626,0.04735883424408015,198.0,0.09665144596651445,0.2663622526636225,0.00030441400304414006,1.0,0.5434657602827457
3052,41790.0,2126.0,Rotterdam,868.0,3052.0,6550.0,0.4595419847328244,0.5404580152671755,0.23206106870229007,0.12366412213740458,0.2633587786259542,0.22442748091603054,0.15648854961832062,0.9923664122137404,0.0015267175572519084,0.0061068702290076335,0.4389312977099237,0.4330434782608696,0.15130434782608695,0.17391304347826086,0.23130434782608697,2.2,2850.0,0.06666666666666667,0.6894736842105263,0.06666666666666667,0.02280701754385965,0.1,0.02280701754385965,0.02982456140350877,0.0,0.7350877192982456,30.0,70.0,0.6,0.02631578947368421,218.0,0.1366412213740458,0.4221374045801527,0.00015267175572519084,2.0,0.2796150000340161
3032,41712.0,2122.0,Rotterdam,852.0,3032.0,6480.0,0.5007716049382716,0.4992283950617284,0.12114197530864197,0.14891975308641975,0.3757716049382716,0.22685185185185186,0.12731481481481483,0.9891975308641975,0.0030864197530864196,0.007716049382716049,0.5540123456790124,0.5543175487465181,0.21309192200557103,0.0988857938718663,0.11838440111420613,1.7,3365.0,0.24962852897473997,0.04457652303120357,0.0,0.4487369985141159,0.14561664190193166,0.10698365527488855,0.0,0.0029717682020802376,0.9732540861812778,30.0,70.0,0.4947994056463596,0.05646359583952452,228.0,0.12731481481481483,1.2685185185185186,0.00015432098765432098,3.0,0.32751290292598334
3227,41299.0,2101.0,Voorne aan Zee,967.0,3227.0,1225.0,0.49387755102040815,0.5061224489795918,0.1306122448979592,0.12244897959183673,0.21224489795918366,0.2897959183673469,0.24489795918367346,0.9918367346938776,0.00816326530612245,0.0,0.4326530612244898,0.29245283018867924,0.330188679245283,0.08490566037735849,0.2830188679245283,2.3,535.0,0.2336448598130841,0.21495327102803738,0.2897196261682243,0.102803738317757,0.09345794392523364,0.028037383177570093,0.028037383177570093,0.018691588785046728,0.028037383177570093,70.0,30.0,0.2523364485981308,0.028037383177570093,292.0,0.0653061224489796,0.12244897959183673,0.004081632653061225,1.0,1.174377081796206
3014,41232.0,2098.0,Rotterdam,839.0,3014.0,7910.0,0.5031605562579013,0.4968394437420986,0.13653603034134007,0.15360303413400758,0.3147914032869785,0.24336283185840707,0.15233881163084703,0.9911504424778761,0.0012642225031605564,0.007585335018963337,0.5170670037926675,0.5415647921760391,0.16381418092909536,0.13447432762836187,0.1466992665036675,1.9,3790.0,0.44591029023746703,0.0,0.002638522427440633,0.20580474934036938,0.31398416886543534,0.010554089709762533,0.006596306068601583,0.011873350923482849,0.9709762532981531,10.0,90.0,0.6952506596306068,0.06992084432717678,205.0,0.17256637168141592,0.8323640960809102,0.00012642225031605562,2.0,0.1123530762687129
3225,40849.0,2078.0,Voorne aan Zee,966.0,3225.0,8145.0,0.5009208103130756,0.4990791896869245,0.1761817065684469,0.12031921424186617,0.287292817679558,0.29097605893186,0.12461632903621854,0.9975445058317987,0.0012277470841006752,0.0012277470841006752,0.44567219152854515,0.3278236914600551,0.2630853994490358,0.12396694214876033,0.28236914600550966,2.2,3585.0,0.001394700139470014,0.0,0.0,0.8577405857740585,0.0697350069735007,0.0502092050209205,0.016736401673640166,0.0,0.22873082287308227,60.0,40.0,0.32217573221757323,0.022315202231520222,179.0,0.09699201964395335,0.21706568446899938,0.00024554941682013506,1.0,0.5322133796554643
3267,40528.0,2062.0,Hoeksche Waard,994.0,3267.0,2040.0,0.5049019607843137,0.4950980392156863,0.14950980392156862,0.125,0.20588235294117646,0.3235294117647059,0.19607843137254902,1.0,0.0,0.0,0.41421568627450983,0.23668639053254437,0.3905325443786982,0.0650887573964497,0.30177514792899407,2.4,840.0,0.25,0.14285714285714285,0.14285714285714285,0.16071428571428573,0.08333333333333333,0.13095238095238096,0.047619047619047616,0.047619047619047616,0.07142857142857142,70.0,30.0,0.25,0.023809523809523808,241.0,0.0661764705882353,0.09166666666666666,0.0024509803921568627,1.0,1.1423752734546628
3114,39558.0,2012.0,Schiedam,904.0,3114.0,6240.0,0.5024038461538461,0.49759615384615385,0.14262820512820512,0.09615384615384616,0.28044871794871795,0.2956730769230769,0.18509615384615385,0.9951923076923077,0.0016025641025641025,0.003205128205128205,0.5072115384615384,0.43759873617693523,0.24960505529225907,0.0995260663507109,0.20537124802527645,2.0,3110.0,0.5691318327974276,0.0594855305466238,0.011254019292604502,0.024115755627009645,0.2347266881028939,0.05787781350482315,0.024115755627009645,0.01929260450160772,0.5787781350482315,50.0,50.0,0.3617363344051447,0.04340836012861737,169.0,0.11137820512820513,0.33397435897435895,0.0003205128205128205,2.0,0.43305238621148257
3141,38465.0,1957.0,Maassluis,923.0,3141.0,6300.0,0.49444444444444446,0.5055555555555555,0.16428571428571428,0.11190476190476191,0.29365079365079366,0.2507936507936508,0.17857142857142858,0.9952380952380953,0.0015873015873015873,0.0031746031746031746,0.49444444444444446,0.449438202247191,0.23274478330658105,0.09470304975922954,0.21669341894060995,2.0,3145.0,0.04451510333863275,0.6263910969793323,0.06677265500794913,0.10174880763116058,0.012718600953895072,0.10651828298887123,0.006359300476947536,0.033386327503974564,0.6120826709062003,50.0,50.0,0.46899841017488075,0.0492845786963434,190.0,0.09523809523809523,0.31507936507936507,0.00031746031746031746,2.0,0.44965192662158837
3144,37456.0,1905.0,Maassluis,926.0,3144.0,6615.0,0.48450491307634164,0.5162509448223734,0.15419501133786848,0.08994708994708994,0.21390778533635676,0.26077097505668934,0.2819349962207105,0.9954648526077098,0.0015117157974300832,0.0030234315948601664,0.45880574452003026,0.3723228995057661,0.30642504118616143,0.06260296540362438,0.25370675453047775,2.1,3215.0,0.09642301710730948,0.00933125972006221,0.2099533437013997,0.19595645412130638,0.026438569206842923,0.17729393468118196,0.2130637636080871,0.07309486780715396,0.5707620528771384,50.0,50.0,0.5023328149300156,0.04665629860031104,225.0,0.08465608465608465,0.33393801965230535,0.0003023431594860166,1.0,0.5355967402681868
3221,36332.0,1848.0,Voorne aan Zee,962.0,3221.0,5190.0,0.4816955684007707,0.5173410404624278,0.12042389210019268,0.08959537572254335,0.2023121387283237,0.29865125240847784,0.28901734104046245,0.9961464354527938,0.0019267822736030828,0.0019267822736030828,0.5,0.37957610789980734,0.35260115606936415,0.07321772639691715,0.1907514450867052,2.0,2560.0,0.03125,0.158203125,0.3984375,0.109375,0.0234375,0.1875,0.0859375,0.0078125,0.3671875,50.0,50.0,0.41015625,0.052734375,234.0,0.07996146435452794,0.24527938342967245,0.0005780346820809249,1.0,0.5737706721978277
3193,35474.0,1805.0,Rotterdam,941.0,3193.0,6290.0,0.48966613672496023,0.5103338632750397,0.16216216216216217,0.11208267090620032,0.2591414944356121,0.2988871224165342,0.16772655007949125,0.9920508744038156,0.001589825119236884,0.006359300476947536,0.4666136724960254,0.4020442930153322,0.22657580919931858,0.12095400340715502,0.2453151618398637,2.1,2875.0,0.036521739130434785,0.3982608695652174,0.11304347826086956,0.04521739130434783,0.07652173913043478,0.2417391304347826,0.08869565217391304,0.0,0.46260869565217394,50.0,50.0,0.3843478260869565,0.029565217391304348,182.0,0.10890302066772654,0.25007949125596185,0.0003179650238473768,2.0,0.4361149950623229
3035,34719.0,1766.0,Rotterdam,855.0,3035.0,6835.0,0.4952450621799561,0.5047549378200439,0.14484272128749084,0.14703730797366496,0.3606437454279444,0.2282370153621068,0.11923920994879297,0.9912216532553035,0.001463057790782736,0.0073152889539136795,0.5515727871250914,0.5583554376657824,0.1830238726790451,0.10212201591511937,0.14456233421750664,1.8,3535.0,0.6435643564356436,0.005657708628005658,0.008486562942008486,0.14427157001414428,0.16124469589816123,0.004243281471004243,0.019801980198019802,0.014144271570014143,0.9519094766619519,20.0,80.0,0.6223479490806223,0.07779349363507779,211.0,0.14776883686905634,1.1846378931967814,0.0001463057790782736,2.0,0.20995544970319752
3237,34439.0,1752.0,Voorne aan Zee,973.0,3237.0,1805.0,0.5235457063711911,0.47645429362880887,0.14681440443213298,0.13019390581717452,0.20498614958448755,0.3157894736842105,0.20221606648199447,0.9944598337950139,0.00554016620498615,0.0,0.4099722991689751,0.25,0.3581081081081081,0.05405405405405406,0.3310810810810811,2.4,750.0,0.18,0.12666666666666668,0.4,0.08666666666666667,0.06,0.06666666666666667,0.04,0.04666666666666667,0.06666666666666667,80.0,20.0,0.09333333333333334,0.04666666666666667,279.0,0.0443213296398892,0.13518005540166206,0.002770083102493075,4.0,1.2509326365496096
3204,34364.0,1748.0,Nissewaard,951.0,3204.0,7275.0,0.47903780068728524,0.5209621993127148,0.1731958762886598,0.11065292096219931,0.24467353951890033,0.2728522336769759,0.1986254295532646,0.9958762886597938,0.0013745704467353953,0.0027491408934707906,0.46048109965635736,0.3492537313432836,0.27611940298507465,0.14925373134328357,0.2208955223880597,2.2,3520.0,0.0,0.0,0.6065340909090909,0.34232954545454547,0.002840909090909091,0.03409090909090909,0.014204545454545454,0.0,0.4275568181818182,40.0,60.0,0.5596590909090909,0.06676136363636363,169.0,0.11271477663230241,0.44508591065292097,0.0001374570446735395,2.0,0.36886351179256405
3029,31849.0,1620.0,Rotterdam,850.0,3029.0,3925.0,0.489171974522293,0.5121019108280255,0.19872611464968154,0.15414012738853503,0.36178343949044584,0.19363057324840766,0.09171974522292993,0.9796178343949045,0.0025477707006369425,0.017834394904458598,0.49554140127388535,0.4781491002570694,0.16452442159383032,0.17480719794344474,0.17223650385604114,2.0,2270.0,0.00881057268722467,0.0,0.3788546255506608,0.2973568281938326,0.31277533039647576,0.0,0.0,0.0,0.9977973568281938,10.0,90.0,0.5088105726872246,0.19162995594713655,148.0,0.14904458598726114,0.8657324840764331,0.00025477707006369424,2.0,0.04169751274255568
3111,31593.0,1607.0,Schiedam,901.0,3111.0,4830.0,0.525879917184265,0.474120082815735,0.11697722567287784,0.10248447204968944,0.32919254658385094,0.32091097308488614,0.12939958592132506,0.9917184265010351,0.004140786749482402,0.004140786749482402,0.5641821946169773,0.5247706422018349,0.23669724770642203,0.07889908256880734,0.15045871559633028,1.8,2770.0,0.4963898916967509,0.02888086642599278,0.018050541516245487,0.16787003610108303,0.12454873646209386,0.10469314079422383,0.05595667870036101,0.0018050541516245488,0.7906137184115524,50.0,50.0,0.18231046931407943,0.10108303249097472,217.0,0.09316770186335403,1.0469979296066252,0.00020703933747412008,2.0,0.4854920818020386
3238,31397.0,1597.0,Voorne aan Zee,974.0,3238.0,1875.0,0.49333333333333335,0.5093333333333333,0.136,0.11733333333333333,0.20533333333333334,0.32,0.224,0.9946666666666667,0.005333333333333333,0.0,0.432,0.2777777777777778,0.35185185185185186,0.06172839506172839,0.30864197530864196,2.3,810.0,0.14814814814814814,0.1111111111111111,0.4506172839506173,0.1419753086419753,0.07407407407407407,0.06172839506172839,0.012345679012345678,0.0,0.04938271604938271,80.0,20.0,0.11728395061728394,0.037037037037037035,262.0,0.042666666666666665,0.1328,0.0026666666666666666,4.0,1.2259131553138982
3118,30663.0,1560.0,Schiedam,908.0,3118.0,5255.0,0.49476688867745006,0.50523311132255,0.1988582302568982,0.1170313986679353,0.3149381541389153,0.2340627973358706,0.13606089438629876,0.9866793529971456,0.0019029495718363464,0.011417697431018078,0.4643196955280685,0.41188524590163933,0.1987704918032787,0.13729508196721313,0.23770491803278687,2.1,2415.0,0.004140786749482402,0.556935817805383,0.07453416149068323,0.016563146997929608,0.012422360248447204,0.16563146997929606,0.10766045548654245,0.06418219461697723,0.8178053830227743,30.0,70.0,0.5300207039337475,0.033126293995859216,164.0,0.13320647002854424,0.6249286393910561,0.00019029495718363463,2.0,0.2393360513062341
3222,30371.0,1545.0,Voorne aan Zee,963.0,3222.0,4040.0,0.47896039603960394,0.5210396039603961,0.1646039603960396,0.11633663366336634,0.2301980198019802,0.2834158415841584,0.20544554455445543,0.9925742574257426,0.0024752475247524753,0.0049504950495049506,0.4405940594059406,0.33146067415730335,0.300561797752809,0.12078651685393259,0.24719101123595505,2.2,1780.0,0.1404494382022472,0.20786516853932585,0.49719101123595505,0.02247191011235955,0.019662921348314606,0.019662921348314606,0.09269662921348315,0.0,0.31179775280898875,60.0,40.0,0.4044943820224719,0.03089887640449438,213.0,0.09653465346534654,0.2900990099009901,0.0007425742574257426,1.0,0.5970465059803252
3064,28921.0,1471.0,Rotterdam,877.0,3064.0,1640.0,0.5030487804878049,0.4969512195121951,0.15548780487804878,0.13109756097560976,0.2804878048780488,0.2896341463414634,0.1402439024390244,0.9878048780487805,0.006097560975609756,0.006097560975609756,0.4634146341463415,0.375,0.28289473684210525,0.08552631578947369,0.2565789473684211,2.1,740.0,0.6148648648648649,0.13513513513513514,0.0,0.0,0.10810810810810811,0.13513513513513514,0.0,0.0,0.14189189189189189,70.0,30.0,0.18243243243243243,0.0472972972972973,210.0,0.07926829268292683,0.9073170731707317,0.001829268292682927,1.0,1.0408950374399906
3255,28368.0,1443.0,Goeree-Overflakkee,985.0,3255.0,4860.0,0.4897119341563786,0.5092592592592593,0.1419753086419753,0.10082304526748971,0.205761316872428,0.3045267489711934,0.24794238683127573,0.9979423868312757,0.00205761316872428,0.0,0.4331275720164609,0.3087885985748218,0.3586698337292161,0.057007125890736345,0.27315914489311166,2.2,2105.0,0.14726840855106887,0.2327790973871734,0.12826603325415678,0.16864608076009502,0.1377672209026128,0.08788598574821853,0.09026128266033254,0.009501187648456057,0.1543942992874109,60.0,40.0,0.37292161520190026,0.040380047505938245,210.0,0.059670781893004114,0.13518518518518519,0.0008230452674897119,1.0,0.626714363182465
3243,28124.0,1431.0,Goeree-Overflakkee,976.0,3243.0,1435.0,0.5156794425087108,0.4843205574912892,0.15331010452961671,0.10452961672473868,0.24390243902439024,0.30662020905923343,0.1916376306620209,0.9930313588850174,0.006968641114982578,0.0,0.445993031358885,0.3125,0.359375,0.03125,0.2890625,2.2,655.0,0.3511450381679389,0.183206106870229,0.183206106870229,0.07633587786259542,0.061068702290076333,0.022900763358778626,0.007633587786259542,0.11450381679389313,0.07633587786259542,70.0,30.0,0.25190839694656486,0.03816793893129771,216.0,0.059233449477351915,0.13031358885017422,0.003484320557491289,1.0,1.0950310967545474
3033,27695.0,1409.0,Rotterdam,853.0,3033.0,4685.0,0.49626467449306294,0.503735325506937,0.11846318036286019,0.14834578441835647,0.41622198505869795,0.21237993596584845,0.1056563500533618,0.9871931696905016,0.004268943436499467,0.008537886872998933,0.5773745997865528,0.5988909426987061,0.18299445471349354,0.07763401109057301,0.12939001848428835,1.7,2570.0,0.6867704280155642,0.06420233463035019,0.0,0.04474708171206226,0.10700389105058365,0.06614785992217899,0.0,0.0311284046692607,0.9708171206225681,30.0,70.0,0.4377431906614786,0.07587548638132295,245.0,0.11312700106723586,1.5457844183564569,0.00021344717182497332,3.0,0.33163470572745163
3113,27687.0,1408.0,Schiedam,903.0,3113.0,10.0,0.5,0.5,0.1514575411913815,0.11650665093923725,0.2112676056338028,0.5,0.20408163265306123,0.9983870967741936,0.0016129032258064516,0.0,0.5,0.3,1.0,0.0,0.2924252455036963,1.7,10.0,0.0,0.5,0.0,0.0,0.0,0.0,0.0,0.0,0.5,70.0,30.0,0.0,0.0,303.0,0.0,356.7,0.1,5.0,1.7356596170174843
3143,27474.0,1398.0,Maassluis,925.0,3143.0,2465.0,0.5091277890466531,0.4908722109533469,0.13995943204868155,0.12981744421906694,0.25557809330628806,0.2961460446247465,0.17647058823529413,0.9918864097363083,0.004056795131845842,0.004056795131845842,0.46247464503042596,0.34210526315789475,0.32894736842105265,0.09649122807017543,0.22807017543859648,2.2,1125.0,0.4488888888888889,0.2088888888888889,0.0044444444444444444,0.21777777777777776,0.0,0.05333333333333334,0.06222222222222222,0.0,0.38222222222222224,70.0,30.0,0.25333333333333335,0.04888888888888889,220.0,0.07099391480730223,0.8957403651115619,0.0008113590263691683,1.0,1.078038574839244
3265,26520.0,1349.0,Hoeksche Waard,993.0,3265.0,1725.0,0.4985507246376812,0.5014492753623189,0.15072463768115943,0.11594202898550725,0.2028985507246377,0.2985507246376812,0.2289855072463768,0.9942028985507246,0.005797101449275362,0.0,0.4057971014492754,0.29285714285714287,0.3357142857142857,0.06428571428571428,0.30714285714285716,2.3,730.0,0.1780821917808219,0.11643835616438356,0.18493150684931506,0.14383561643835616,0.1780821917808219,0.0684931506849315,0.06164383561643835,0.07534246575342465,0.15753424657534246,70.0,30.0,0.18493150684931506,0.02054794520547945,235.0,0.05217391304347826,0.12521739130434784,0.002898550724637681,1.0,1.1042388754669308
3147,25208.0,1282.0,Maassluis,929.0,3147.0,460.0,0.5,0.5108695652173914,0.2391304347826087,0.13043478260869565,0.22826086956521738,0.29347826086956524,0.09782608695652174,0.9565217391304348,0.021739130434782608,0.021739130434782608,0.32608695652173914,0.13333333333333333,0.26666666666666666,0.03333333333333333,0.5666666666666667,3.1,155.0,0.16129032258064516,0.0,0.0,0.03225806451612903,0.0,0.0,0.0,0.7096774193548387,0.0967741935483871,90.0,10.0,0.0,0.0,534.0,0.021739130434782608,3.6869565217391305,0.004347826086956522,5.0,1.9760083910468331
3257,24027.0,1222.0,Goeree-Overflakkee,987.0,3257.0,2665.0,0.5140712945590994,0.48405253283302063,0.15384615384615385,0.10881801125703565,0.21388367729831145,0.2964352720450281,0.225140712945591,0.9962476547842402,0.00375234521575985,0.0,0.45778611632270166,0.36475409836065575,0.3360655737704918,0.04918032786885246,0.25,2.2,1090.0,0.3440366972477064,0.18807339449541285,0.11467889908256881,0.08256880733944955,0.07339449541284404,0.10091743119266056,0.06880733944954129,0.03211009174311927,0.045871559633027525,60.0,40.0,0.3165137614678899,0.03211009174311927,198.0,0.0525328330206379,0.1399624765478424,0.001876172607879925,1.0,0.9773602067762739
3203,23855.0,1214.0,Nissewaard,950.0,3203.0,3760.0,0.4640957446808511,0.535904255319149,0.13430851063829788,0.10372340425531915,0.21143617021276595,0.24601063829787234,0.3045212765957447,0.9920212765957447,0.0026595744680851063,0.005319148936170213,0.48936170212765956,0.45652173913043476,0.24728260869565216,0.12228260869565218,0.17119565217391305,1.9,2040.0,0.0,0.18137254901960784,0.5392156862745098,0.0,0.031862745098039214,0.14950980392156862,0.10049019607843138,0.0,0.5931372549019608,40.0,60.0,0.5612745098039216,0.08823529411764706,159.0,0.10372340425531915,0.8353723404255319,0.00026595744680851064,2.0,0.34006091083742407
3216,23789.0,1210.0,Nissewaard,960.0,3216.0,1265.0,0.5059288537549407,0.49407114624505927,0.13043478260869565,0.11462450592885376,0.20948616600790515,0.32806324110671936,0.21739130434782608,0.9920948616600791,0.007905138339920948,0.0,0.4308300395256917,0.25688073394495414,0.3944954128440367,0.07339449541284404,0.27522935779816515,2.3,550.0,0.23636363636363636,0.15454545454545454,0.2727272727272727,0.12727272727272726,0.14545454545454545,0.03636363636363636,0.02727272727272727,0.0,0.045454545454545456,80.0,20.0,0.19090909090909092,0.01818181818181818,286.0,0.06719367588932806,0.11857707509881422,0.003952569169960474,4.0,1.282548139295269
3015,22124.0,1125.0,Rotterdam,840.0,3015.0,2420.0,0.5103305785123967,0.4896694214876033,0.08677685950413223,0.1859504132231405,0.3822314049586777,0.21694214876033058,0.128099173553719,0.9793388429752066,0.008264462809917356,0.012396694214876033,0.640495867768595,0.6225806451612903,0.22580645161290322,0.04516129032258064,0.09032258064516129,1.6,1310.0,0.5954198473282443,0.0,0.0,0.18702290076335878,0.11450381679389313,0.09541984732824428,0.0,0.0,0.9809160305343512,40.0,60.0,0.38549618320610685,0.05725190839694656,272.0,0.06818181818181818,2.4161157024793387,0.00041322314049586776,3.0,0.8461245931819406
3211,21279.0,1082.0,Nissewaard,957.0,3211.0,1620.0,0.49074074074074076,0.5092592592592593,0.11728395061728394,0.09567901234567901,0.2037037037037037,0.3117283950617284,0.2716049382716049,0.9938271604938271,0.006172839506172839,0.0,0.47530864197530864,0.3116883116883117,0.37662337662337664,0.07792207792207792,0.22077922077922077,2.1,785.0,0.14012738853503184,0.16560509554140126,0.4713375796178344,0.08917197452229299,0.07643312101910828,0.044585987261146494,0.012738853503184714,0.0,0.03821656050955414,60.0,40.0,0.3375796178343949,0.025477707006369428,233.0,0.05864197530864197,0.1845679012345679,0.0030864197530864196,1.0,1.0464273969683267
3087,18944.0,964.0,Rotterdam,898.0,3087.0,1860.0,0.4838709677419355,0.5161290322580645,0.17473118279569894,0.10215053763440861,0.23387096774193547,0.2849462365591398,0.20430107526881722,0.967741935483871,0.005376344086021506,0.026881720430107527,0.49731182795698925,0.44324324324324327,0.22702702702702704,0.15675675675675677,0.16756756756756758,2.0,915.0,0.0,0.01092896174863388,0.0,0.5300546448087432,0.32786885245901637,0.12021857923497267,0.0,0.0,0.9672131147540983,30.0,70.0,0.6666666666666666,0.0273224043715847,196.0,0.16666666666666666,1.2317204301075269,0.001075268817204301,2.0,0.2970501289225162
3212,18510.0,942.0,Nissewaard,958.0,3212.0,535.0,0.5420560747663551,0.45794392523364486,0.09345794392523364,0.09345794392523364,0.22429906542056074,0.411214953271028,0.17757009345794392,1.0,0.0,0.0,0.4766355140186916,0.3333333333333333,0.35294117647058826,0.058823529411764705,0.23529411764705882,2.1,340.0,0.17647058823529413,0.16176470588235295,0.08823529411764706,0.04411764705882353,0.029411764705882353,0.058823529411764705,0.4411764705882353,0.029411764705882353,0.11764705882352941,60.0,40.0,0.23529411764705882,0.27941176470588236,262.0,0.07476635514018691,0.33084112149532713,0.009345794392523364,1.0,1.0798239188169203
3249,17850.0,908.0,Goeree-Overflakkee,981.0,3249.0,1220.0,0.5122950819672131,0.48770491803278687,0.13934426229508196,0.11065573770491803,0.20901639344262296,0.29918032786885246,0.23770491803278687,1.0,0.0,0.0,0.4385245901639344,0.2897196261682243,0.411214953271028,0.04672897196261682,0.2616822429906542,2.3,540.0,0.3055555555555556,0.1574074074074074,0.18518518518518517,0.12962962962962962,0.07407407407407407,0.046296296296296294,0.10185185185185185,0.009259259259259259,0.12037037037037036,60.0,40.0,0.3425925925925926,0.05555555555555555,205.0,0.045081967213114756,0.21721311475409835,0.004098360655737705,1.0,1.0329535412892141
3089,17823.0,907.0,Rotterdam,900.0,3089.0,1615.0,0.5108359133126935,0.49226006191950467,0.17956656346749225,0.09597523219814241,0.29411764705882354,0.28173374613003094,0.15170278637770898,0.9752321981424149,0.006191950464396285,0.018575851393188854,0.47987616099071206,0.3935483870967742,0.25161290322580643,0.13548387096774195,0.21935483870967742,2.1,730.0,0.4520547945205479,0.11643835616438356,0.00684931506849315,0.0,0.22602739726027396,0.0,0.15753424657534246,0.0410958904109589,0.3219178082191781,30.0,70.0,0.7054794520547946,0.0273972602739726,171.0,0.11455108359133127,0.17523219814241486,0.0030959752321981426,2.0,0.28332062128001534
3258,17244.0,877.0,Goeree-Overflakkee,988.0,3258.0,1745.0,0.501432664756447,0.498567335243553,0.14613180515759314,0.11174785100286533,0.2177650429799427,0.32664756446991405,0.1977077363896848,0.994269340974212,0.0057306590257879654,0.0,0.42406876790830944,0.27702702702702703,0.3783783783783784,0.04054054054054054,0.30405405405405406,2.3,740.0,0.33783783783783783,0.16891891891891891,0.14864864864864866,0.10135135135135136,0.08783783783783784,0.060810810810810814,0.08783783783783784,0.013513513513513514,0.07432432432432433,60.0,40.0,0.32432432432432434,0.04054054054054054,205.0,0.05157593123209169,0.10487106017191977,0.0028653295128939827,1.0,1.0120392875388968
3293,14861.0,756.0,Hoeksche Waard,1003.0,3293.0,455.0,0.5054945054945055,0.4835164835164835,0.13186813186813187,0.0989010989010989,0.26373626373626374,0.3076923076923077,0.1978021978021978,1.0,0.0,0.0,0.43956043956043955,0.25,0.45,0.075,0.2,2.2,225.0,0.5111111111111111,0.15555555555555556,0.24444444444444444,0.022222222222222223,0.0,0.0,0.0,0.022222222222222223,0.15555555555555556,60.0,40.0,0.3111111111111111,0.06666666666666667,222.0,0.08791208791208792,0.16043956043956045,0.01098901098901099,1.0,1.0882008027437848
3292,12561.0,639.0,Hoeksche Waard,1002.0,3292.0,460.0,0.5217391304347826,0.4891304347826087,0.10869565217391304,0.09782608695652174,0.22826086956521738,0.41304347826086957,0.15217391304347827,1.0,0.0,0.0,0.4891304347826087,0.3333333333333333,0.4,0.06666666666666667,0.2,2.0,225.0,0.35555555555555557,0.24444444444444444,0.13333333333333333,0.1111111111111111,0.022222222222222223,0.022222222222222223,0.08888888888888889,0.0,0.1111111111111111,70.0,30.0,0.2,0.044444444444444446,231.0,0.06521739130434782,0.1391304347826087,0.010869565217391304,1.0,1.1496761562676336
3047,11345.0,577.0,Rotterdam,866.0,3047.0,70.0,0.5,0.5,0.07142857142857142,0.11650665093923723,0.21428571428571427,0.42857142857142855,0.21428571428571427,0.8571428571428571,0.14285714285714285,0.0,0.42857142857142855,0.16666666666666666,0.6666666666666666,0.0,0.16666666666666666,2.1,30.0,0.6666666666666666,0.0,0.0,0.0,0.0,0.0,0.0,0.0,0.0,80.0,20.0,0.0,0.0,522.0,0.0,7.285714285714286,0.05714285714285714,5.0,2.20124839716682
3125,11051.0,562.0,Schiedam,914.0,3125.0,345.0,0.5362318840579711,0.4492753623188406,0.14492753623188406,0.14492753623188406,0.2028985507246377,0.36231884057971014,0.14492753623188406,0.9420289855072463,0.028985507246376812,0.028985507246376812,0.43478260869565216,0.36666666666666664,0.26666666666666666,0.06666666666666667,0.3,2.3,130.0,0.5769230769230769,0.23076923076923078,0.0,0.0,0.038461538461538464,0.0,0.07692307692307693,0.0,0.2692307692307692,70.0,30.0,0.0,0.11538461538461539,325.0,0.043478260869565216,3.2231884057971016,0.008695652173913044,5.0,1.56394589937254
3209,9496.0,483.0,Nissewaard,956.0,3209.0,1565.0,0.48562300319488816,0.5143769968051118,0.16613418530351437,0.0926517571884984,0.20766773162939298,0.31629392971246006,0.21725239616613418,0.9936102236421726,0.006389776357827476,0.0,0.4185303514376997,0.2366412213740458,0.3816793893129771,0.05343511450381679,0.3282442748091603,2.4,660.0,0.15151515151515152,0.11363636363636363,0.14393939393939395,0.09090909090909091,0.3409090909090909,0.030303030303030304,0.030303030303030304,0.09848484848484848,0.06060606060606061,70.0,30.0,0.25757575757575757,0.030303030303030304,294.0,0.04472843450479233,0.6172523961661341,0.0025559105431309905,4.0,1.203763255372382
3084,9441.0,480.0,Rotterdam,895.0,3084.0,2110.0,0.4928909952606635,0.5071090047393365,0.08293838862559241,0.07819905213270142,0.2014218009478673,0.26540284360189575,0.37203791469194314,0.985781990521327,0.004739336492890996,0.009478672985781991,0.4028436018957346,0.5764705882352941,0.2411764705882353,0.06470588235294118,0.11764705882352941,1.7,1020.0,0.14215686274509803,0.3627450980392157,0.014705882352941176,0.08333333333333333,0.11274509803921569,0.00980392156862745,0.14705882352941177,0.1323529411764706,0.46078431372549017,20.0,80.0,0.7156862745098039,0.18137254901960784,180.0,0.22037914691943128,1.081042654028436,0.0009478672985781991,2.0,0.20586531730306146
3133,8243.0,419.0,Vlaardingen,917.0,3133.0,1120.0,0.47767857142857145,0.5223214285714286,0.06696428571428571,0.04017857142857143,0.1875,0.18303571428571427,0.5267857142857143,0.9821428571428571,0.008928571428571428,0.008928571428571428,0.6071428571428571,0.5514705882352942,0.33088235294117646,0.014705882352941176,0.09558823529411764,1.6,695.0,0.06474820143884892,0.15827338129496402,0.30935251798561153,0.33093525179856115,0.0,0.0,0.0,0.1366906474820144,0.8561151079136691,30.0,70.0,0.6546762589928058,0.04316546762589928,180.0,0.08928571428571429,1.7267857142857144,0.0017857142857142857,2.0,0.3377394031252755
3172,7873.0,401.0,Albrandswaard,936.0,3172.0,970.0,0.6443298969072165,0.35051546391752575,0.07216494845360824,0.09278350515463918,0.32989690721649484,0.3402061855670103,0.16494845360824742,0.9690721649484536,0.010309278350515464,0.020618556701030927,0.4536082474226804,0.5454545454545454,0.23863636363636365,0.045454545454545456,0.17045454545454544,1.8,285.0,0.45614035087719296,0.03508771929824561,0.3333333333333333,0.0,0.0,0.14035087719298245,0.0,0.0,0.0,60.0,40.0,0.2982456140350877,0.08771929824561403,325.0,0.23711340206185566,0.6731958762886598,0.004123711340206186,2.0,1.084217189432144
3088,7348.0,374.0,Rotterdam,899.0,3088.0,35.0,0.5714285714285714,0.2857142857142857,0.1514575411913815,0.11650665093923723,0.7142857142857143,0.14285714285714285,0.20408163265306123,0.9983870967741936,0.0016129032258064516,0.0,0.42857142857142855,0.6666666666666666,0.3258426966292135,0.0,0.2924252455036963,1.2,20.0,0.0,0.25,0.25,0.0,0.0,0.0,0.0,0.0,0.75,60.0,40.0,0.0,0.75,268.0,0.5714285714285714,10.257142857142858,0.14285714285714285,3.0,1.2999214420031229
3256,5254.0,267.0,Goeree-Overflakkee,986.0,3256.0,1085.0,0.5207373271889401,0.4792626728110599,0.12903225806451613,0.0967741935483871,0.1889400921658986,0.37327188940092165,0.2119815668202765,0.9907834101382489,0.009216589861751152,0.0,0.45622119815668205,0.29292929292929293,0.37373737373737376,0.0707070707070707,0.25252525252525254,2.2,515.0,0.2912621359223301,0.21359223300970873,0.18446601941747573,0.11650485436893204,0.0970873786407767,0.05825242718446602,0.02912621359223301,0.009708737864077669,0.07766990291262135,60.0,40.0,0.34951456310679613,0.05825242718446602,199.0,0.07834101382488479,0.09953917050691244,0.004608294930875576,1.0,0.6280557666508189
3046,1341.0,68.0,Rotterdam,865.0,3046.0,340.0,0.5,0.5147058823529411,0.1323529411764706,0.08823529411764706,0.19117647058823528,0.3382352941176471,0.25,0.9705882352941176,0.029411764705882353,0.0,0.4117647058823529,0.2857142857142857,0.39285714285714285,0.07142857142857142,0.25,2.3,140.0,0.7142857142857143,0.07142857142857142,0.0,0.03571428571428571,0.03571428571428571,0.0,0.07142857142857142,0.03571428571428571,0.0,80.0,10.0,0.0,0.14285714285714285,448.0,0.029411764705882353,0.17058823529411765,0.014705882352941176,5.0,1.879372724100062
3115,0.0,0.0,Schiedam,905.0,3115.0,30.0,0.3333333333333333,0.5,0.1514575411913815,0.3333333333333333,0.2112676056338028,0.5,0.20408163265306126,0.9983870967741936,0.0016129032258064516,0.0,0.3333333333333333,0.3,0.3258426966292135,0.0,0.2924252455036963,2.5,10.0,0.0,0.0,0.0,0.0,0.0,1.0,0.0,0.0,0.5,60.0,30.0,0.0,0.0,268.0,0.0,32.9,0.13333333333333333,5.0,1.6604492279986642
